,direccion_territorial,area_protegida,mes,adultos_nacionales_2011,ninos_y_estudiantes_2011,extranjeros_2011,extranjeros_residentes_2011,ninos_residentes_2011,adultos_residentes_2011,ninos_excentos_no_residentes_2011,adultos_excentos_no_residentes_2011,adultos_nacionales_2012,ninos_y_estudiantes_2012,extranjeros_2012,extranjeros_residentes_2012,ninos_residentes_2012,adultos_residentes_2012,ninos_excentos_no_residentes_2012,adultos_excentos_no_residentes_2012,adultos_nacionales_2013,ninos_y_estudiantes_2013,extranjeros_2013,extranjeros_residentes_2013,ninos_residentes_2013,adultos_residentes_2013,ninos_excentos_no_residentes_2013,adultos_excentos_no_residentes_2013,adultos_nacionales_2014,ninos_y_estudiantes_2014,extranjeros_2014,extranjeros_residentes_2014,ninos_residentes_2014,adultos_residentes_2014,ninos_excentos_no_residentes_2014,adultos_excentos_no_residentes_2014,total_1995,total_1996,total_1997,total_1998,total_1999,total_2000,total_2001,total_2002,total_2003,total_2004,total_2005,total_2006,total_2007,total_2008,total_2009,total_2010,total_2011,total_2012,total_2013,total_2014
0, CARIBE,CORALES DEL ROSARIO,MAYO,5,0,1,0,0,0,0,0,5,0,0,0,0,0,0,0,5,0,0,0,0,0,0,0,5,0,0,0,0,0,0,0,0,0,0,0,0,0,0,0,0,0,0,0,0,0,5,5,5,5,5,0
1, CARIBE,OLD PROVIDENCE,MAYO,2,0,2,0,1,1,1,1,2,1,1,0,1,1,1,2,2,1,2,0,1,1,1,1,1,2,2,0,1,1,1,1,0,0,0,0,0,0,0,0,0,0,0,0,0,0,3,3,3,3,3,0
2, CARIBE,SIERRA NEVADA DE SANTA MARTA,MAYO,0,1,1,0,0,0,0,0,1,1,1,0,0,0,0,0,1,0,0,0,0,0,0,0,0,0,0,0,0,0,0,0,0,0,0,0,0,0,0,0,0,0,0,0,0,0,1,1,1,1,2,0
3, CARIBE,MACUIRA,JUNIO,0,0,0,0,0,0,0,1,1,0,1,0,0,0,0,0,1,0,1,0,0,0,0,0,1,0,1,0,0,0,0,0,0,0,0,0,0,0,0,0,0,0,0,0,0,0,0,0,1,1,1,0
4, ANDES OCCIDENTALES,LOS NEVADOS,MARZO,4,3,2,1,0,0,0,2,4,3,2,1,0,0,0,2,4,3,1,0,0,0,0,1,3,3,1,0,0,0,1,1,0,0,0,0,0,0,0,0,0,0,0,0,0,0,4,4,4,4,4,3
5, ANDES OCCIDENTALES,OTUN QUIMBAYA,DICIEMBRE,1,0,1,0,0,0,0,0,1,1,1,0,0,0,0,1,2,1,1,0,0,0,0,1,0,0,0,0,0,0,0,0,0,0,0,0,0,0,0,0,0,0,0,0,0,0,0,2,2,2,2,0
6, ANDES OCCIDENTALES,OTUN QUIMBAYA,MAYO,2,0,1,0,0,0,0,2,1,1,1,0,1,1,1,1,1,1,1,0,0,0,0,2,2,2,1,0,0,2,0,0,0,0,0,0,0,0,0,0,0,0,0,0,0,0,2,2,2,2,2,0
7, CARIBE,MACUIRA,NOVIEMBRE,0,0,0,0,0,0,0,0,1,0,1,0,0,0,0,0,0,0,1,0,0,0,0,0,0,0,0,0,0,0,0,0,0,0,0,0,0,0,0,0,0,0,0,0,0,0,0,0,0,1,1,0
8, ANDES NORORIENTALES,TAMA,MAYO,0,0,0,0,0,0,0,0,0,0,0,0,0,0,0,0,0,0,0,0,0,0,0,0,0,0,0,0,0,0,0,0,0,0,0,0,0,0,0,0,0,0,0,0,0,0,0,0,0,0,0,0
9, PACIFICO,GORGONA,ENERO,2,1,1,0,0,0,0,1,1,1,1,0,0,2,0,1,1,1,1,0,0,0,1,0,1,0,1,0,0,0,0,1,4,4,4,4,4,4,4,4,4,4,4,4,4,4,2,2,2,2,2,2
10,  ORINOQUIA,TUPARRO,OCTUBRE,0,0,0,0,0,0,0,0,0,0,0,0,0,0,0,0,0,0,0,0,0,0,0,0,0,0,0,0,0,0,0,0,0,0,0,0,0,0,0,0,0,0,0,0,0,0,0,0,0,0,0,0
11, CARIBE,OLD PROVIDENCE,JULIO,3,2,2,0,1,1,1,2,3,2,2,0,1,2,1,2,3,2,2,0,1,1,1,1,3,1,2,0,1,2,1,1,0,0,0,0,0,0,0,0,0,0,0,0,0,0,3,3,3,3,3,0
12,  ORINOQUIA,TUPARRO,AGOSTO,0,0,0,0,0,0,0,0,1,0,0,0,0,0,0,1,0,0,0,0,0,0,0,2,0,0,0,0,0,0,0,0,0,0,0,0,0,0,0,0,0,0,0,0,0,0,1,0,0,1,2,0
14,  ORINOQUIA,TUPARRO,MAYO,0,0,0,0,0,0,0,0,0,0,0,0,0,0,0,0,0,0,0,0,0,0,0,0,0,0,0,0,0,0,0,0,0,0,0,0,0,0,0,0,0,0,0,0,0,0,1,0,0,0,0,0
15, ANDES NORORIENTALES,GUANENTA FONCE,AGOSTO,0,0,0,0,0,0,0,1,0,0,0,0,0,0,0,0,0,0,0,0,0,0,0,0,0,0,0,0,0,0,0,0,0,0,0,0,0,0,0,0,0,0,0,0,0,0,2,2,1,0,0,0
16, ANDES OCCIDENTALES,GUACHAROS,ABRIL,1,0,1,0,0,0,0,0,1,1,0,0,0,0,1,1,1,1,0,0,0,0,0,1,1,1,0,0,0,0,1,1,0,0,0,0,0,0,0,0,0,0,0,0,0,0,1,1,1,2,1,2
17, ANDES NORORIENTALES,TAMA,NOVIEMBRE,0,0,0,0,0,0,0,0,0,0,0,0,0,0,0,0,0,0,0,0,0,0,0,0,0,0,0,0,0,0,0,0,0,0,0,0,0,0,0,0,0,0,0,0,0,0,0,0,0,0,0,0
18,  ORINOQUIA,CHINGAZA,SEPTIEMBRE,3,2,1,1,0,0,1,2,2,2,1,1,0,1,3,1,2,2,1,1,0,1,1,3,0,0,0,0,0,0,0,0,0,0,0,0,0,0,0,0,0,0,0,0,0,0,3,3,3,3,3,0
19,  ORINOQUIA,CHINGAZA,MARZO,3,1,1,1,0,0,1,1,3,2,1,1,1,1,1,1,3,2,1,1,1,1,1,1,2,3,1,1,1,2,1,1,0,0,0,0,0,0,0,0,0,0,0,0,0,0,3,1,3,3,3,3
20,  ORINOQUIA,SUMAPAZ,MARZO,0,1,0,0,0,0,0,0,1,1,0,0,0,0,0,0,0,0,0,0,0,0,0,0,0,0,0,0,0,0,0,0,0,0,0,0,0,0,0,0,0,0,0,0,0,0,0,0,1,2,0,0
21, ANDES NORORIENTALES,GUANENTA FONCE,SEPTIEMBRE,0,0,0,0,0,0,0,0,0,0,0,0,0,0,0,0,0,0,0,0,0,0,0,0,0,0,0,0,0,0,0,0,0,0,0,0,0,0,0,0,0,0,0,0,0,0,2,2,0,0,0,0
22, CARIBE,MACUIRA,SEPTIEMBRE,0,0,0,0,0,0,0,0,1,0,0,0,0,0,0,0,1,0,0,0,0,0,0,0,0,0,0,0,0,0,0,0,0,0,0,0,0,0,0,0,0,0,0,0,0,0,0,1,0,1,1,0
23, ANDES OCCIDENTALES,COROTA,FEBRERO,4,0,2,0,0,0,0,0,4,0,2,0,0,0,0,0,4,0,2,0,0,0,0,0,0,4,0,1,0,0,0,0,0,0,0,0,0,0,0,0,0,0,0,0,0,0,4,4,3,4,4,4
24, ANDES NORORIENTALES,TAMA,FEBRERO,0,0,0,0,0,0,0,0,0,0,0,0,0,0,0,0,0,0,0,0,0,0,0,0,0,0,0,0,0,0,0,0,0,0,0,0,0,0,0,0,0,0,0,0,0,0,0,0,0,0,0,0
25, ANDES NORORIENTALES,IGUAQUE,JULIO,2,2,1,1,0,0,0,0,2,2,1,1,0,1,1,1,2,2,1,0,0,0,0,1,2,2,1,0,0,0,0,1,0,0,0,0,0,0,0,0,0,0,0,0,0,0,2,3,3,3,2,0
26, PACIFICO,GORGONA,JUNIO,2,1,1,0,0,1,1,0,1,1,1,0,1,0,0,0,2,1,1,0,0,0,1,0,2,1,1,1,0,2,0,0,0,0,0,0,0,0,0,0,0,0,0,0,0,0,2,2,2,2,2,0
27, ANDES OCCIDENTALES,GALERAS,JULIO,1,0,0,0,0,0,0,0,1,0,0,0,0,0,0,0,1,0,0,0,0,0,0,0,0,0,0,0,0,0,0,0,0,0,0,0,0,0,0,0,0,0,0,0,0,0,0,1,1,1,1,0
28, ANDES OCCIDENTALES,COROTA,ABRIL,4,0,2,0,0,0,0,1,4,0,2,0,0,0,0,0,4,0,1,0,0,0,0,0,4,0,1,0,0,0,0,0,0,0,0,0,0,0,0,0,0,0,0,0,0,0,4,4,4,4,3,4
29, CARIBE,COLORADOS,FEBRERO,1,0,1,0,0,0,0,0,1,0,0,0,0,0,0,0,0,0,1,0,0,0,0,0,1,0,0,0,0,0,0,0,0,0,0,0,0,0,0,0,0,0,0,0,0,0,1,0,1,1,1,2
30, CARIBE,COLORADOS,SEPTIEMBRE,0,0,0,0,0,0,0,0,1,1,0,0,0,0,1,0,1,1,0,0,0,0,0,0,0,0,0,0,0,0,0,0,0,0,0,0,0,0,0,0,0,0,0,0,0,0,1,0,0,2,1,0
31, PACIFICO,MALPELO,MAYO,1,0,1,0,0,0,0,0,0,0,1,0,0,0,0,1,0,0,1,0,0,0,0,0,0,0,1,0,0,0,0,0,0,0,0,0,0,0,0,0,0,0,0,0,0,0,2,2,2,2,1,0
32, PACIFICO,UTRIA,FEBRERO,1,1,1,1,0,0,0,0,1,1,1,0,0,0,0,0,1,0,1,0,1,1,1,1,1,1,1,0,0,0,0,1,0,0,0,0,0,0,0,0,0,0,0,0,0,0,1,2,1,2,2,2
34, PACIFICO,MALPELO,SEPTIEMBRE,1,0,1,0,0,0,0,0,1,0,1,0,0,0,0,1,0,0,1,0,0,0,0,0,0,0,0,0,0,0,0,0,0,0,0,0,0,0,0,0,0,0,0,0,0,0,2,2,2,1,1,0
35, CARIBE,SIERRA NEVADA DE SANTA MARTA,ABRIL,1,1,1,0,0,0,0,0,1,1,1,0,0,0,0,0,1,0,0,0,0,0,0,0,0,0,0,0,0,0,0,0,0,0,0,0,0,0,0,0,0,0,0,0,0,0,1,2,2,1,1,0
36,  ORINOQUIA,TUPARRO,NOVIEMBRE,0,0,0,0,0,0,0,0,0,0,0,0,0,0,0,0,0,0,0,0,0,0,0,0,0,0,0,0,0,0,0,0,0,0,0,0,0,0,0,0,0,0,0,0,0,0,1,0,0,0,0,0
37, ANDES OCCIDENTALES,PURACE,ENERO,2,1,1,0,1,1,1,1,2,0,1,1,0,0,0,0,2,1,1,1,1,2,0,1,0,0,0,0,0,0,0,0,3,4,4,4,4,3,3,2,3,3,3,3,3,4,2,2,3,2,3,0
38, ANDES NORORIENTALES,IGUAQUE,SEPTIEMBRE,1,2,1,1,0,0,0,0,2,2,1,1,0,1,0,1,1,1,1,0,1,1,2,1,0,0,0,0,0,0,0,0,0,0,0,0,0,0,0,0,0,0,0,0,0,0,3,3,2,3,2,0
39, ANDES NORORIENTALES,ESTORAQUES,FEBRERO,0,0,0,0,0,0,0,0,0,0,0,0,0,0,0,0,0,0,0,0,0,0,0,0,0,0,0,0,0,0,0,0,0,0,0,0,0,0,0,0,0,0,0,0,0,0,2,2,0,0,0,0
40, PACIFICO,MALPELO,NOVIEMBRE,1,0,1,0,0,0,0,0,0,0,1,0,0,0,0,1,0,0,1,0,0,0,0,0,0,0,0,0,0,0,0,0,0,0,0,0,0,0,0,0,0,0,0,0,0,0,2,2,2,1,1,0
41, ANDES NORORIENTALES,IGUAQUE,AGOSTO,2,2,2,1,0,0,0,0,2,2,1,1,0,1,0,1,1,2,1,0,1,1,0,0,2,2,1,0,0,0,1,1,0,0,0,0,0,0,0,0,0,0,0,0,0,0,3,3,2,2,2,0
42, ANDES NORORIENTALES,GUANENTA FONCE,ENERO,0,0,0,0,0,0,0,0,0,0,0,0,0,0,0,0,0,0,0,0,0,0,0,0,0,0,0,0,0,0,0,0,0,0,0,2,2,2,2,2,2,2,2,2,2,2,1,0,0,0,0,0
43, CARIBE,COLORADOS,JUNIO,0,0,0,0,0,0,0,0,1,1,0,0,0,0,0,0,2,0,0,0,0,0,1,0,1,0,1,0,0,0,0,0,0,0,0,0,0,0,0,0,0,0,0,0,0,0,1,0,0,1,2,0
44, ANDES OCCIDENTALES,GALERAS,ENERO,0,0,0,0,0,0,0,0,1,0,0,0,0,0,0,0,1,0,0,0,0,0,0,0,1,0,0,0,0,0,0,0,1,0,2,3,3,4,4,4,4,4,0,0,0,0,0,1,0,1,1,1
46, CARIBE,FLAMENCOS,NOVIEMBRE,2,0,1,0,0,0,0,0,1,1,0,0,0,0,0,0,3,0,0,1,0,0,0,0,0,0,0,0,0,0,0,0,0,0,0,0,0,0,0,0,0,0,0,0,0,0,1,1,2,2,3,0
48, ANDES OCCIDENTALES,GALERAS,ABRIL,0,0,0,0,0,0,0,0,0,0,0,0,0,0,0,0,1,0,0,0,0,0,0,1,1,0,0,0,0,0,0,0,0,0,0,0,0,0,0,0,0,0,0,0,0,0,0,1,0,0,2,1
49, PACIFICO,MALPELO,DICIEMBRE,0,0,0,0,0,0,0,0,0,0,1,0,0,0,0,1,0,0,0,0,0,0,0,0,0,0,0,0,0,0,0,0,0,0,0,0,0,0,0,0,0,0,0,0,0,0,2,2,0,1,0,0
50, ANDES NORORIENTALES,ESTORAQUES,ENERO,0,0,0,0,0,0,0,0,0,0,0,0,0,0,0,0,0,0,0,0,0,0,0,0,0,0,0,0,0,0,0,0,2,4,4,4,4,4,4,4,4,4,4,4,4,4,4,4,0,0,0,0
51, ANDES NORORIENTALES,PISBA,SEPTIEMBRE,0,0,0,0,0,0,0,0,0,0,0,0,0,0,0,0,0,0,0,0,0,0,0,0,0,0,0,0,0,0,0,0,0,0,0,0,0,0,0,0,0,0,0,0,0,0,0,0,0,0,0,0
52, ANDES NORORIENTALES,GUANENTA FONCE,NOVIEMBRE,0,0,0,0,0,0,0,0,0,0,0,0,0,0,0,0,0,0,0,0,0,0,0,0,0,0,0,0,0,0,0,0,0,0,0,0,0,0,0,0,0,0,0,0,0,0,2,2,0,0,0,0
53, ANDES OCCIDENTALES,OTUN QUIMBAYA,JUNIO,2,0,1,0,0,0,0,2,1,1,1,0,0,1,0,1,1,1,1,0,0,0,0,1,1,2,1,0,0,0,0,2,0,0,0,0,0,0,0,0,0,0,0,0,0,0,2,2,2,2,2,0
54, PACIFICO,UTRIA,OCTUBRE,1,1,1,1,0,0,1,1,2,1,1,0,0,0,1,1,2,1,0,0,0,0,2,1,0,0,0,0,0,0,0,0,0,0,0,0,0,0,0,0,0,0,0,0,0,0,2,2,2,2,2,0
55, ANDES OCCIDENTALES,PURACE,FEBRERO,2,1,1,1,1,1,1,1,1,0,1,1,0,0,0,0,1,1,1,1,1,1,1,1,0,0,0,0,0,0,0,0,0,0,0,0,0,0,0,0,0,0,0,0,0,0,2,0,2,2,2,0
56, ANDES OCCIDENTALES,GUACHAROS,AGOSTO,1,1,1,0,0,0,1,0,1,1,0,0,0,0,0,0,1,0,0,0,0,0,0,0,1,1,0,0,0,0,0,1,0,0,0,0,0,0,0,0,0,0,0,0,0,0,2,1,2,1,1,0
57, ANDES OCCIDENTALES,GUACHAROS,JUNIO,1,1,0,1,0,0,0,0,1,1,0,0,0,0,0,1,1,1,0,0,0,0,0,0,1,1,0,0,0,0,0,1,0,0,0,0,0,0,0,0,0,0,0,0,0,0,1,1,2,1,2,0
58, CARIBE,COLORADOS,ENERO,1,0,0,0,0,0,0,0,1,1,1,0,0,0,0,0,1,1,0,0,0,0,0,0,1,0,0,0,0,0,0,0,2,0,2,2,2,2,2,2,2,2,3,3,3,3,1,1,1,1,2,2
59, ANDES OCCIDENTALES,GUACHAROS,MAYO,1,1,1,0,0,0,1,0,1,1,0,0,0,0,0,0,0,1,0,0,0,0,1,0,1,1,0,0,0,0,0,1,0,0,0,0,0,0,0,0,0,0,0,0,0,0,2,1,2,2,2,0
60, CARIBE,TAYRONA,FEBRERO,5,3,5,1,0,0,2,2,5,4,5,1,0,0,3,3,5,4,5,0,0,0,4,1,5,4,4,1,0,0,3,3,0,0,0,0,0,0,0,0,0,0,0,0,0,0,4,4,4,5,5,4
61,  ORINOQUIA,TUPARRO,FEBRERO,1,0,0,0,0,0,0,0,0,0,0,0,0,0,0,0,1,0,1,0,0,0,0,0,0,0,0,0,0,0,0,0,0,0,0,0,0,0,0,0,0,0,0,0,0,0,1,0,1,0,1,0
62, ANDES NORORIENTALES,PISBA,MAYO,0,0,0,0,0,0,0,0,0,0,0,0,0,0,0,0,0,0,0,0,0,0,0,0,0,0,0,0,0,0,0,0,0,0,0,0,0,0,0,0,0,0,0,0,0,0,0,1,0,0,0,0
64, AMAZONIA,AMACAYACU,ENERO,4,1,2,0,0,0,0,0,4,2,2,1,0,0,0,1,0,0,0,0,0,0,0,0,0,0,0,0,0,0,0,0,4,4,4,4,4,4,4,4,4,4,4,4,4,4,3,4,3,3,0,0
65, ANDES OCCIDENTALES,LOS NEVADOS,ENERO,5,4,2,1,0,0,0,2,5,4,2,1,0,0,0,2,4,4,2,0,2,0,1,1,4,4,2,0,0,0,1,1,5,5,5,5,5,5,5,5,5,5,5,5,5,5,4,4,4,4,4,4
66, ANDES OCCIDENTALES,PURACE,NOVIEMBRE,1,0,1,1,1,1,0,0,2,0,1,1,0,1,0,1,0,0,0,0,0,0,0,0,0,0,0,0,0,0,0,0,0,0,0,0,0,0,0,0,0,0,0,0,0,0,2,2,2,2,0,0
67, CARIBE,SLA DE SALAMANCA,DICIEMBRE,1,1,1,0,0,0,1,0,1,1,1,1,0,0,0,1,1,1,1,1,0,0,0,1,0,0,0,0,0,0,0,0,0,0,0,0,0,0,0,0,0,0,0,0,0,0,0,0,2,2,2,0
68, PACIFICO,UTRIA,SEPTIEMBRE,2,2,1,1,0,0,0,1,2,1,1,0,0,0,0,0,2,1,1,0,0,0,2,1,0,0,0,0,0,0,0,0,0,0,0,0,0,0,0,0,0,0,0,0,0,0,0,0,2,2,2,0
70, ANDES NORORIENTALES,TAMA,DICIEMBRE,0,0,0,0,0,0,0,0,0,0,0,0,0,0,0,0,0,0,0,0,0,0,0,0,0,0,0,0,0,0,0,0,0,0,0,0,0,0,0,0,0,0,0,0,0,0,1,0,0,0,0,0
71, CARIBE,COLORADOS,MAYO,1,0,0,0,0,0,0,0,1,0,0,0,0,0,0,0,1,0,0,0,0,0,0,0,1,0,0,0,0,0,0,0,0,0,0,0,0,0,0,0,0,0,0,0,0,0,1,0,2,1,1,0
72, ANDES OCCIDENTALES,PURACE,OCTUBRE,2,0,1,1,1,1,1,1,2,0,1,1,0,1,0,0,1,1,1,1,1,1,1,1,0,0,0,0,0,0,0,0,0,0,0,0,0,0,0,0,0,0,0,0,0,0,2,2,2,2,2,0
73, ANDES NORORIENTALES,COCUY,MAYO,1,1,1,1,0,0,0,0,1,2,1,1,0,0,0,0,1,2,1,0,0,1,0,1,1,1,1,1,1,0,0,2,0,0,0,0,0,0,0,0,0,0,0,0,0,0,2,2,2,2,2,0
74, ANDES OCCIDENTALES,LOS NEVADOS,OCTUBRE,4,4,2,1,0,0,0,3,0,0,0,0,0,0,0,0,4,4,1,0,0,0,0,1,0,0,0,0,0,0,0,0,0,0,0,0,0,0,0,0,0,0,0,0,0,0,4,4,4,0,4,0
75, CARIBE,FLAMENCOS,JULIO,2,0,1,0,0,0,0,0,2,1,0,0,0,0,0,0,3,2,1,0,0,0,0,0,2,1,1,0,0,0,0,0,0,0,0,0,0,0,0,0,0,0,0,0,0,0,1,1,2,2,3,0
77, ANDES OCCIDENTALES,OTUN QUIMBAYA,FEBRERO,1,0,1,0,0,0,0,1,2,0,1,0,0,0,0,1,1,1,1,0,0,0,0,1,0,1,1,1,0,0,0,1,0,0,0,0,0,0,0,0,0,0,0,0,0,0,1,2,2,2,2,2
78, CARIBE,CORALES DEL ROSARIO,AGOSTO,5,0,1,0,0,0,0,0,5,0,0,0,0,0,0,0,5,0,0,0,0,0,0,0,5,0,0,0,0,0,0,0,0,0,0,0,0,0,0,0,0,0,0,0,0,0,5,5,5,5,5,0
79,  ORINOQUIA,SUMAPAZ,ENERO,1,0,0,0,0,0,0,0,0,0,0,0,0,0,0,0,0,0,0,0,0,0,0,0,0,0,0,0,0,0,0,0,2,3,2,3,3,3,2,0,0,0,0,0,0,2,0,0,1,0,0,0
80, CARIBE,SIERRA NEVADA DE SANTA MARTA,JUNIO,1,1,0,0,0,0,1,0,0,0,0,0,0,0,0,0,1,0,0,0,0,0,0,0,0,0,0,0,0,0,0,0,0,0,0,0,0,0,0,0,0,0,0,0,0,0,2,1,1,0,2,0
81, ANDES NORORIENTALES,COCUY,ENERO,3,4,2,0,0,3,0,1,4,4,2,1,0,3,1,1,4,4,2,1,1,4,1,1,4,4,2,1,1,4,1,1,4,0,3,3,3,3,2,2,3,4,4,4,4,4,4,4,4,4,4,4
82, PACIFICO,GORGONA,NOVIEMBRE,2,3,1,0,0,1,0,0,2,1,1,0,0,0,0,1,1,1,1,0,1,1,0,0,0,0,0,0,0,0,0,0,0,0,0,0,0,0,0,0,0,0,0,0,0,0,3,3,3,2,2,0
83, ANDES OCCIDENTALES,PURACE,JUNIO,2,1,1,1,1,1,0,0,2,1,1,0,0,1,0,1,1,2,1,1,1,1,1,1,0,0,0,0,0,0,0,0,0,0,0,0,0,0,0,0,0,0,0,0,0,0,2,2,2,2,2,0
84, ANDES OCCIDENTALES,COROTA,JUNIO,4,0,1,0,0,0,0,1,4,0,1,0,0,0,0,0,4,0,1,0,0,0,2,0,4,0,1,0,0,0,0,1,0,0,0,0,0,0,0,0,0,0,0,0,0,0,4,3,4,4,3,0
85, ANDES NORORIENTALES,IGUAQUE,OCTUBRE,2,2,1,1,0,0,0,0,2,2,1,1,0,1,0,0,2,2,1,0,1,1,1,2,0,0,0,0,0,0,0,0,0,0,0,0,0,0,0,0,0,0,0,0,0,0,0,0,3,3,3,0
86, ANDES OCCIDENTALES,GALERAS,OCTUBRE,1,0,0,0,0,0,0,0,1,0,0,0,0,0,0,0,0,0,0,0,0,0,0,0,0,0,0,0,0,0,0,0,0,0,0,0,0,0,0,0,0,0,0,0,0,0,0,1,1,1,0,0
88, ANDES NORORIENTALES,ESTORAQUES,JUNIO,0,0,0,0,0,0,0,0,0,0,0,0,0,0,0,0,0,0,0,0,0,0,0,0,0,0,0,0,0,0,0,0,0,0,0,0,0,0,0,0,0,0,0,0,0,0,2,2,0,0,0,0
90, CARIBE,FLAMENCOS,SEPTIEMBRE,1,0,1,0,0,0,0,0,1,1,0,0,0,0,0,0,3,2,1,0,0,0,0,0,0,0,0,0,0,0,0,0,0,0,0,0,0,0,0,0,0,0,0,0,0,0,2,1,2,2,3,0
91,  ORINOQUIA,CHINGAZA,JUNIO,2,1,1,1,0,0,0,1,3,2,1,1,1,1,1,1,3,2,1,1,1,2,1,2,2,2,1,1,1,1,1,1,0,0,0,0,0,0,0,0,0,0,0,0,0,0,3,3,2,3,3,0
93, CARIBE,MACUIRA,ENERO,1,1,0,0,0,0,0,0,1,0,1,0,0,0,0,0,2,0,1,0,0,0,0,0,2,0,1,0,0,0,0,0,2,1,0,0,2,2,2,2,2,0,3,2,3,3,2,0,1,2,2,2
94, ANDES NORORIENTALES,PISBA,DICIEMBRE,0,0,0,0,0,0,0,0,0,0,0,0,0,0,0,0,0,0,0,0,0,0,0,0,0,0,0,0,0,0,0,0,0,0,0,0,0,0,0,0,0,0,0,0,0,0,1,0,0,0,0,0
95,  ORINOQUIA,CHINGAZA,FEBRERO,3,2,1,1,0,0,1,1,2,2,1,1,1,1,1,1,2,2,1,1,1,1,1,1,2,2,1,1,1,1,1,1,0,0,0,0,0,0,0,0,0,0,0,0,0,0,3,0,3,3,3,3
97, CARIBE,OLD PROVIDENCE,ABRIL,3,2,2,0,1,2,2,1,2,1,2,0,1,1,1,1,2,2,2,0,1,1,1,1,2,1,1,0,1,1,0,1,0,0,0,0,0,0,0,0,0,0,0,0,0,0,3,3,3,3,3,2
98, ANDES NORORIENTALES,IGUAQUE,ABRIL,1,2,1,1,0,0,0,0,2,2,1,1,1,1,1,1,1,2,1,1,0,0,0,0,2,2,1,0,0,1,0,0,0,0,0,0,0,0,0,0,0,0,0,0,0,0,3,2,2,3,2,3
99, PACIFICO,GORGONA,JULIO,2,1,1,0,0,2,0,1,2,1,1,1,0,1,1,1,1,1,1,0,0,0,1,0,1,1,1,0,0,1,0,0,0,0,0,0,0,0,0,0,0,0,0,0,0,0,2,3,2,2,2,0
103, ANDES NORORIENTALES,ESTORAQUES,NOVIEMBRE,0,0,0,0,0,0,0,0,0,0,0,0,0,0,0,0,0,0,0,0,0,0,0,0,0,0,0,0,0,0,0,0,0,0,0,0,0,0,0,0,0,0,0,0,0,0,2,0,0,0,0,0
105, CARIBE,SLA DE SALAMANCA,AGOSTO,0,0,0,0,0,0,0,0,1,1,0,1,0,0,1,2,1,1,1,0,0,0,0,1,1,1,1,1,0,0,1,2,0,0,0,0,0,0,0,0,0,0,0,0,0,0,2,1,1,2,2,0
106,  ORINOQUIA,CHINGAZA,MAYO,3,1,1,0,0,0,1,2,2,2,1,1,1,2,1,1,3,3,1,1,1,1,1,2,2,2,1,1,1,1,1,2,0,0,0,0,0,0,0,0,0,0,0,0,0,0,3,3,3,3,3,0
107, CARIBE,TAYRONA,MAYO,5,4,4,1,0,0,2,2,5,4,4,1,0,0,2,2,5,4,4,1,0,0,3,0,5,4,4,0,0,2,2,2,0,0,0,0,0,0,0,0,0,0,0,0,0,0,4,4,4,4,4,0
108, CARIBE,TAYRONA,JUNIO,5,4,4,1,0,0,2,2,5,4,4,1,0,0,4,3,5,4,4,0,0,0,4,1,5,4,4,2,0,0,4,3,0,0,0,0,0,0,0,0,0,0,0,0,0,0,5,5,5,5,5,0
109, ANDES NORORIENTALES,ESTORAQUES,AGOSTO,0,0,0,0,0,0,0,0,0,0,0,0,0,0,0,0,0,0,0,0,0,0,0,0,0,0,0,0,0,0,0,0,0,0,0,0,0,0,0,0,0,0,0,0,0,0,2,2,0,0,0,0
111, CARIBE,OLD PROVIDENCE,FEBRERO,2,1,2,0,1,1,1,1,3,1,2,0,1,2,1,2,1,2,2,0,1,1,1,2,2,1,2,0,1,1,1,1,0,0,0,0,0,0,0,0,0,0,0,0,0,0,3,3,3,3,3,3
112, ANDES OCCIDENTALES,LOS NEVADOS,JULIO,4,4,2,1,0,0,0,2,0,0,0,0,0,0,0,0,3,3,2,0,0,0,0,1,3,3,1,0,0,0,1,1,0,0,0,0,0,0,0,0,0,0,0,0,0,0,4,4,4,0,3,0
113, ANDES OCCIDENTALES,COROTA,OCTUBRE,4,0,1,0,0,0,1,1,4,0,1,0,0,0,0,0,4,0,1,0,0,0,1,1,0,0,0,0,0,0,0,0,0,0,0,0,0,0,0,0,0,0,0,0,0,0,3,4,4,4,3,0
114, CARIBE,COLORADOS,OCTUBRE,0,0,0,1,0,0,0,0,1,0,0,0,0,0,0,0,1,1,0,0,0,0,0,0,0,0,0,0,0,0,0,0,0,0,0,0,0,0,0,0,0,0,0,0,0,0,2,0,1,1,1,0
115, CARIBE,CORALES DEL ROSARIO,SEPTIEMBRE,5,0,0,0,0,0,0,0,5,0,0,0,0,0,0,0,5,0,0,0,0,0,0,0,0,0,0,0,0,0,0,0,0,0,0,0,0,0,0,0,0,0,0,0,0,0,5,5,5,5,5,0
117, CARIBE,FLAMENCOS,FEBRERO,2,0,1,0,0,0,0,0,1,1,0,0,0,0,0,0,2,2,0,0,0,0,0,0,2,1,1,0,0,0,0,0,0,0,0,0,0,0,0,0,0,0,0,0,0,0,1,1,2,1,3,2
120, CARIBE,SLA DE SALAMANCA,SEPTIEMBRE,1,1,1,0,0,0,0,2,1,1,1,0,0,0,0,1,1,0,1,0,0,2,1,0,0,0,0,0,0,0,0,0,0,0,0,0,0,0,0,0,0,0,0,0,0,0,2,2,2,2,2,0
121, ANDES NORORIENTALES,COCUY,MARZO,1,1,1,1,0,0,0,1,1,1,1,1,0,1,1,0,3,3,1,1,0,2,0,1,2,2,1,1,0,2,1,1,0,0,0,0,0,0,0,0,0,0,0,0,0,0,2,3,2,2,3,3
122, PACIFICO,MALPELO,FEBRERO,1,0,1,0,0,0,0,1,0,0,1,0,0,0,0,1,0,0,1,0,0,0,0,1,0,0,1,0,0,0,0,1,0,0,0,0,0,0,0,0,0,0,0,0,0,0,1,1,2,1,2,1
123, ANDES NORORIENTALES,TAMA,SEPTIEMBRE,0,0,0,0,0,0,0,0,0,0,0,0,0,0,0,0,0,0,0,0,0,0,0,0,0,0,0,0,0,0,0,0,0,0,0,0,0,0,0,0,0,0,0,0,0,0,0,0,0,0,0,0
124, CARIBE,CORALES DEL ROSARIO,NOVIEMBRE,5,0,0,0,0,0,0,0,5,0,0,0,0,0,0,0,5,0,0,0,0,0,0,0,0,0,0,0,0,0,0,0,0,0,0,0,0,0,0,0,0,0,0,0,0,0,5,4,5,5,5,0
125, ANDES OCCIDENTALES,GUACHAROS,NOVIEMBRE,1,0,0,0,0,0,1,1,1,1,0,0,0,0,0,1,1,1,0,0,0,0,1,0,0,0,0,0,0,0,0,0,0,0,0,0,0,0,0,0,0,0,0,0,0,0,2,1,2,2,2,0
126, ANDES OCCIDENTALES,GALERAS,NOVIEMBRE,1,0,0,0,0,0,0,0,1,0,0,0,0,0,0,0,1,0,0,0,0,0,0,0,0,0,0,0,0,0,0,0,0,0,0,0,0,0,0,0,0,0,0,0,0,0,0,1,1,1,1,0
127, ANDES OCCIDENTALES,GALERAS,MARZO,0,0,0,0,0,0,0,0,1,0,0,0,0,0,0,0,1,0,0,0,0,0,0,0,0,0,0,0,0,0,0,0,0,0,0,0,0,0,0,0,0,0,0,0,0,0,0,0,0,1,1,0
128, ANDES OCCIDENTALES,LOS NEVADOS,MAYO,2,2,1,1,0,0,0,1,0,0,0,0,0,0,0,0,2,2,1,0,0,0,0,2,2,3,1,0,0,0,1,1,0,0,0,0,0,0,0,0,0,0,0,0,0,0,4,4,3,0,3,0
130, ANDES NORORIENTALES,TAMA,ABRIL,0,0,0,0,0,0,0,0,0,0,0,0,0,0,0,0,0,0,0,0,0,0,0,0,0,0,0,0,0,0,0,0,0,0,0,0,0,0,0,0,0,0,0,0,0,0,0,0,0,0,0,0
131, ANDES OCCIDENTALES,OTUN QUIMBAYA,ENERO,2,1,1,0,0,0,0,1,1,1,1,0,0,0,1,1,2,1,1,0,0,0,0,0,2,1,1,0,0,0,0,1,0,3,3,3,3,3,3,4,4,4,4,4,3,3,2,2,2,2,2,2
132, PACIFICO,MALPELO,OCTUBRE,1,0,1,0,0,0,0,0,1,0,1,0,0,0,0,1,0,0,1,0,0,0,0,0,0,0,0,0,0,0,0,0,0,0,0,0,0,0,0,0,0,0,0,0,0,0,2,1,1,2,1,0
133, CARIBE,COLORADOS,JULIO,0,0,0,0,0,0,0,0,1,0,0,0,0,0,0,0,1,0,0,0,0,0,0,0,1,0,1,0,0,0,0,0,0,0,0,0,0,0,0,0,0,0,0,0,0,0,1,0,0,1,2,0
134, ANDES OCCIDENTALES,OTUN QUIMBAYA,SEPTIEMBRE,1,1,1,0,0,0,0,1,1,1,1,0,0,0,0,0,1,1,1,0,0,0,0,2,0,0,0,0,0,0,0,0,0,0,0,0,0,0,0,0,0,0,0,0,0,0,0,2,2,2,2,0
135, PACIFICO,MALPELO,AGOSTO,1,0,1,0,0,0,0,0,0,0,1,0,0,0,0,1,0,0,1,0,0,0,0,1,0,0,1,0,0,0,0,0,0,0,0,0,0,0,0,0,0,0,0,0,0,0,2,2,2,2,1,0
136, ANDES NORORIENTALES,COCUY,DICIEMBRE,2,2,1,1,0,2,0,0,3,2,2,1,0,2,0,1,3,3,2,1,0,2,0,1,0,0,0,0,0,0,0,0,0,0,0,0,0,0,0,0,0,0,0,0,0,0,3,2,3,3,3,0
137, AMAZONIA,AMACAYACU,DICIEMBRE,3,2,2,1,0,0,0,1,0,0,0,0,0,0,0,0,0,0,0,0,0,0,0,0,0,0,0,0,0,0,0,0,0,0,0,0,0,0,0,0,0,0,0,0,0,0,3,3,3,0,0,0
138, CARIBE,MACUIRA,MAYO,0,0,0,0,0,0,0,0,1,0,1,0,0,0,0,0,1,0,1,0,0,0,0,0,1,0,0,0,0,0,0,0,0,0,0,0,0,0,0,0,0,0,0,0,0,0,0,0,0,1,1,0
139,  ORINOQUIA,CHINGAZA,DICIEMBRE,2,1,1,1,0,1,1,1,3,2,1,1,1,1,1,1,2,2,1,1,1,1,1,1,0,0,0,0,0,0,0,0,0,0,0,0,0,0,0,0,0,0,0,0,0,0,2,2,2,3,3,0
141, ANDES NORORIENTALES,COCUY,AGOSTO,1,2,1,1,0,1,0,0,2,2,1,1,0,1,0,0,2,2,1,1,0,1,0,0,2,2,2,0,1,0,0,1,0,0,0,0,0,0,0,0,0,0,0,0,0,0,2,2,2,2,2,0
142, ANDES NORORIENTALES,IGUAQUE,FEBRERO,1,1,1,1,0,0,0,0,1,2,1,1,1,1,0,1,1,1,0,0,0,0,0,0,2,2,1,1,0,1,0,1,0,0,0,0,0,0,0,0,0,0,0,0,0,0,2,2,2,3,1,2
143, CARIBE,MACUIRA,ABRIL,0,0,1,0,0,0,0,1,1,0,1,0,0,0,0,0,1,1,1,0,0,0,0,0,2,0,1,0,0,0,0,0,0,0,0,0,0,0,0,0,0,0,0,0,0,0,0,0,2,2,1,2
144, CARIBE,TAYRONA,MARZO,5,4,5,1,0,0,3,2,5,3,5,1,0,0,3,2,5,4,5,1,0,0,4,0,5,4,5,2,0,0,3,3,0,0,0,0,0,0,0,0,0,0,0,0,0,0,4,5,5,5,5,5
145, ANDES NORORIENTALES,PISBA,OCTUBRE,0,0,0,0,0,0,0,0,0,0,0,0,0,0,0,0,0,0,0,0,0,0,0,0,0,0,0,0,0,0,0,0,0,0,0,0,0,0,0,0,0,0,0,0,0,0,0,0,0,0,0,0
146, CARIBE,FLAMENCOS,DICIEMBRE,2,0,1,0,0,0,0,0,4,3,0,0,0,0,0,0,4,3,1,0,0,0,0,0,0,0,0,0,0,0,0,0,0,0,0,0,0,0,0,0,0,0,0,0,0,0,1,1,2,4,4,0
147, CARIBE,SIERRA NEVADA DE SANTA MARTA,SEPTIEMBRE,0,0,0,0,0,0,0,0,1,1,1,0,0,0,0,0,1,0,0,0,0,0,0,0,0,0,0,0,0,0,0,0,0,0,0,0,0,0,0,0,0,0,0,0,0,0,2,1,0,1,1,0
148, ANDES OCCIDENTALES,PURACE,SEPTIEMBRE,1,1,1,0,1,1,0,0,1,0,1,1,0,1,0,0,1,1,1,1,1,1,1,1,0,0,0,0,0,0,0,0,0,0,0,0,0,0,0,0,0,0,0,0,0,0,2,2,2,2,2,0
150, ANDES NORORIENTALES,GUANENTA FONCE,OCTUBRE,0,0,0,0,0,0,0,0,0,0,0,0,0,0,0,0,0,0,0,0,0,0,0,0,0,0,0,0,0,0,0,0,0,0,0,0,0,0,0,0,0,0,0,0,0,0,3,3,0,0,0,0
151, CARIBE,TAYRONA,ABRIL,5,4,4,1,0,0,2,2,5,4,4,1,0,0,4,2,5,4,4,1,0,0,3,0,5,4,5,2,4,2,1,2,0,0,0,0,0,0,0,0,0,0,0,0,0,0,5,5,5,5,4,5
152,  ORINOQUIA,SUMAPAZ,JULIO,0,0,0,0,0,0,0,0,0,0,0,0,0,0,0,0,0,0,0,0,0,0,0,0,0,0,0,0,0,0,0,0,0,0,0,0,0,0,0,0,0,0,0,0,0,0,0,0,0,0,0,0
153, ANDES OCCIDENTALES,GUACHAROS,DICIEMBRE,1,0,0,0,0,0,0,1,1,1,1,0,0,0,0,0,1,1,1,0,0,0,1,1,0,0,0,0,0,0,0,0,0,0,0,0,0,0,0,0,0,0,0,0,0,0,2,1,2,2,2,0
154,  ORINOQUIA,TUPARRO,ABRIL,1,0,0,0,0,0,0,0,1,1,0,1,0,0,0,0,0,0,0,0,0,0,0,0,0,0,0,0,0,0,0,0,0,0,0,0,0,0,0,0,0,0,0,0,0,0,1,0,1,1,0,0
156,  ORINOQUIA,SUMAPAZ,ABRIL,1,0,0,0,0,0,0,0,1,1,0,0,0,0,0,0,0,0,0,0,0,0,0,0,0,0,0,0,0,0,0,0,0,0,0,0,0,0,0,0,0,0,0,0,0,0,0,0,1,2,0,0
157, ANDES OCCIDENTALES,COROTA,MAYO,4,0,1,0,0,0,0,0,4,0,1,0,0,0,0,0,4,0,1,0,0,0,0,0,4,0,1,0,0,0,2,1,0,0,0,0,0,0,0,0,0,0,0,0,0,0,3,3,3,3,3,0
158, ANDES NORORIENTALES,ESTORAQUES,JULIO,0,0,0,0,0,0,0,0,0,0,0,0,0,0,0,0,0,0,0,0,0,0,0,0,0,0,0,0,0,0,0,0,0,0,0,0,0,0,0,0,0,0,0,0,0,0,2,2,0,0,0,0
159, PACIFICO,UTRIA,NOVIEMBRE,1,1,1,1,0,0,0,1,1,1,1,0,0,0,0,1,1,1,1,0,0,0,0,0,0,0,0,0,0,0,0,0,0,0,0,0,0,0,0,0,0,0,0,0,0,0,0,0,2,2,2,0
160, ANDES OCCIDENTALES,LOS NEVADOS,DICIEMBRE,3,3,2,1,0,0,0,1,1,0,0,0,0,0,0,0,4,3,2,0,0,0,0,1,0,0,0,0,0,0,0,0,0,0,0,0,0,0,0,0,0,0,0,0,0,0,4,4,3,1,4,0
161, CARIBE,TAYRONA,OCTUBRE,5,4,4,1,0,0,4,2,5,4,4,1,0,0,3,3,5,4,4,1,0,0,0,4,0,0,0,0,0,0,0,0,0,0,0,0,0,0,0,0,0,0,0,0,0,0,5,5,5,5,5,0
163,  ORINOQUIA,SUMAPAZ,DICIEMBRE,0,0,0,0,0,0,0,0,0,0,0,0,0,0,0,0,0,0,0,0,0,0,0,0,0,0,0,0,0,0,0,0,0,0,0,0,0,0,0,0,0,0,0,0,0,0,0,1,0,0,0,0
164, ANDES NORORIENTALES,IGUAQUE,JUNIO,2,2,1,1,0,0,0,0,2,2,1,1,1,1,1,1,2,2,1,0,0,0,0,1,2,2,1,1,0,0,1,1,0,0,0,0,0,0,0,0,0,0,0,0,0,0,2,2,2,2,2,0
165, CARIBE,MACUIRA,AGOSTO,0,0,0,0,0,0,0,1,1,0,1,0,0,0,0,0,1,0,1,0,0,0,0,0,1,0,1,0,0,0,0,0,0,0,0,0,0,0,0,0,0,0,0,0,0,0,0,0,1,2,2,0
168, PACIFICO,UTRIA,MAYO,1,1,0,0,0,0,0,1,1,1,0,0,0,0,1,1,1,1,1,0,0,1,0,0,1,1,0,0,1,0,1,0,0,0,0,0,0,0,0,0,0,0,0,0,0,0,2,2,1,1,2,0
169, PACIFICO,UTRIA,ENERO,2,1,1,1,0,0,0,0,2,1,1,0,0,1,0,1,2,1,1,1,0,0,0,1,2,2,1,0,0,1,0,1,4,4,4,4,4,4,4,3,0,0,0,0,3,3,2,2,2,2,2,2
171, ANDES NORORIENTALES,COCUY,JUNIO,1,2,1,1,0,1,0,0,2,2,1,1,0,1,0,0,2,2,1,1,0,2,1,0,3,2,1,1,0,2,0,1,0,0,0,0,0,0,0,0,0,0,0,0,0,0,2,2,2,3,3,0
173, CARIBE,SLA DE SALAMANCA,FEBRERO,1,0,1,0,0,0,0,0,1,0,1,1,0,0,1,1,1,1,1,0,0,0,1,0,1,0,1,1,0,0,0,1,0,0,0,0,0,0,0,0,0,0,0,0,0,0,2,0,1,2,1,2
174,  ORINOQUIA,TUPARRO,MARZO,0,0,0,0,0,0,0,0,0,0,0,0,0,0,0,0,0,0,0,0,0,0,0,0,0,0,0,0,0,0,0,0,0,0,0,0,0,0,0,0,0,0,0,0,0,0,1,0,0,0,0,0
175, CARIBE,COLORADOS,NOVIEMBRE,0,0,0,0,0,0,0,0,1,0,0,0,0,0,0,0,1,0,0,1,0,0,0,0,0,0,0,0,0,0,0,0,0,0,0,0,0,0,0,0,0,0,0,0,0,0,2,0,0,1,2,0
176, AMAZONIA,AMACAYACU,NOVIEMBRE,3,2,1,1,0,0,0,1,0,0,0,0,0,0,0,0,0,0,0,0,0,0,0,0,0,0,0,0,0,0,0,0,0,0,0,0,0,0,0,0,0,0,0,0,0,0,3,3,3,0,0,0
180,  ORINOQUIA,SUMAPAZ,JUNIO,0,0,0,0,0,0,0,0,0,0,0,0,0,0,0,0,0,0,0,0,0,0,0,0,0,0,0,0,0,0,0,0,0,0,0,0,0,0,0,0,0,0,0,0,0,0,0,0,0,0,0,0
182, CARIBE,SIERRA NEVADA DE SANTA MARTA,OCTUBRE,0,1,1,0,0,0,0,0,0,1,1,0,0,0,0,0,0,0,0,0,0,1,0,0,0,0,0,0,0,0,0,0,0,0,0,0,0,0,0,0,0,0,0,0,0,0,2,0,2,1,1,0
185, ANDES OCCIDENTALES,OTUN QUIMBAYA,NOVIEMBRE,1,0,1,0,0,0,0,2,1,1,1,0,0,0,0,1,1,2,1,0,0,0,2,2,0,0,0,0,0,0,0,0,0,0,0,0,0,0,0,0,0,0,0,0,0,0,0,2,2,2,3,0
187,  ORINOQUIA,CHINGAZA,OCTUBRE,2,1,1,0,0,1,0,2,3,1,1,1,1,1,2,1,2,3,1,1,1,1,1,2,0,0,0,0,0,0,0,0,0,0,0,0,0,0,0,0,0,0,0,0,0,0,3,3,3,3,3,0
188, CARIBE,MACUIRA,FEBRERO,1,1,1,0,0,0,0,0,1,0,1,0,0,0,0,0,1,0,1,0,0,0,0,0,1,1,1,0,0,0,0,0,0,0,0,0,0,0,0,0,0,0,0,0,0,0,0,0,2,2,2,2
189, CARIBE,CORALES DEL ROSARIO,JULIO,5,0,1,0,0,0,0,0,5,0,0,0,0,0,0,0,5,0,0,0,0,0,0,0,5,0,0,0,0,0,0,0,0,0,0,0,0,0,0,0,0,0,0,0,0,0,5,5,5,5,5,0
190, ANDES OCCIDENTALES,LOS NEVADOS,JUNIO,4,4,2,1,0,0,0,2,0,0,0,0,0,0,0,0,4,3,1,0,0,0,0,1,4,4,1,0,0,0,1,2,0,0,0,0,0,0,0,0,0,0,0,0,0,0,4,4,4,0,4,0
193, CARIBE,SLA DE SALAMANCA,MARZO,1,0,1,0,0,0,0,0,2,1,1,1,1,1,0,0,1,1,1,0,0,0,1,1,1,2,1,1,0,0,1,1,0,0,0,0,0,0,0,0,0,0,0,0,0,0,2,0,1,2,2,2
196, ANDES NORORIENTALES,ESTORAQUES,ABRIL,0,0,0,0,0,0,0,0,0,0,0,0,0,0,0,0,0,0,0,0,0,0,0,0,0,0,0,0,0,0,0,0,0,0,0,0,0,0,0,0,0,0,0,0,0,0,3,3,0,0,0,0
197, ANDES NORORIENTALES,ESTORAQUES,MAYO,0,0,0,0,0,0,0,0,0,0,0,0,0,0,0,0,0,0,0,0,0,0,0,0,0,0,0,0,0,0,0,0,0,0,0,0,0,0,0,0,0,0,0,0,0,0,2,2,0,0,0,0
200, ANDES NORORIENTALES,COCUY,ABRIL,2,2,1,1,0,1,0,0,3,2,1,1,0,2,0,0,1,2,1,1,0,1,0,0,4,3,1,1,2,0,1,1,0,0,0,0,0,0,0,0,0,0,0,0,0,0,3,3,3,3,2,4
201, ANDES NORORIENTALES,PISBA,ENERO,0,0,0,0,0,0,0,0,0,0,0,0,0,0,0,0,0,0,0,0,0,0,0,0,0,0,0,0,0,0,0,0,0,0,1,2,2,2,1,1,1,2,1,0,0,2,2,0,0,0,0,0
202, PACIFICO,GORGONA,OCTUBRE,2,2,1,1,0,1,1,1,2,1,1,0,0,0,0,1,2,1,1,1,0,0,1,0,0,0,0,0,0,0,0,0,0,0,0,0,0,0,0,0,0,0,0,0,0,0,3,3,3,2,2,0
204, CARIBE,COLORADOS,AGOSTO,0,0,0,0,0,0,0,0,2,0,0,0,0,0,1,1,1,0,1,0,0,0,0,0,1,0,0,0,0,0,0,0,0,0,0,0,0,0,0,0,0,0,0,0,0,0,0,0,0,2,1,0
205, CARIBE,MACUIRA,OCTUBRE,0,0,0,0,0,0,0,1,0,0,0,0,0,0,0,0,1,0,1,0,0,0,0,0,0,0,0,0,0,0,0,0,0,0,0,0,0,0,0,0,0,0,0,0,0,0,0,0,1,0,1,0
207, CARIBE,FLAMENCOS,AGOSTO,2,0,1,0,0,0,0,0,1,2,0,0,0,0,0,0,2,2,1,0,0,0,0,0,2,1,1,0,0,0,0,0,0,0,0,0,0,0,0,0,0,0,0,0,0,0,1,1,2,2,3,0
208, CARIBE,COLORADOS,DICIEMBRE,1,0,1,0,0,0,0,0,1,0,0,0,0,0,0,0,1,0,1,0,0,0,0,0,0,0,0,0,0,0,0,0,0,0,0,0,0,0,0,0,0,0,0,0,0,0,1,0,1,1,1,0
209, ANDES NORORIENTALES,PISBA,JUNIO,0,0,0,0,0,0,0,1,0,0,0,0,0,0,0,0,1,1,0,0,0,0,1,1,0,0,0,0,0,0,0,0,0,0,0,0,0,0,0,0,0,0,0,0,0,0,1,0,1,0,1,0
214, ANDES NORORIENTALES,COCUY,SEPTIEMBRE,1,1,1,0,0,1,0,0,1,2,1,1,0,1,0,1,1,1,1,1,0,1,0,0,0,0,0,0,0,0,0,0,0,0,0,0,0,0,0,0,0,0,0,0,0,0,2,2,2,2,2,0
215, ANDES NORORIENTALES,GUANENTA FONCE,JULIO,0,0,0,0,0,0,0,0,0,0,0,0,0,0,0,0,0,0,0,0,0,0,0,0,0,0,0,0,0,0,0,0,0,0,0,0,0,0,0,0,0,0,0,0,0,0,2,2,0,0,0,0
216, CARIBE,SIERRA NEVADA DE SANTA MARTA,NOVIEMBRE,1,1,1,0,0,0,0,0,0,1,0,0,0,0,0,0,1,0,0,0,0,1,0,0,0,0,0,0,0,0,0,0,0,0,0,0,0,0,0,0,0,0,0,0,0,0,1,1,1,2,2,0
217, ANDES OCCIDENTALES,COROTA,ENERO,4,0,1,0,0,0,0,0,5,0,2,0,0,0,0,0,5,0,2,0,0,0,0,0,5,0,2,0,0,0,0,0,5,5,5,5,4,4,5,5,4,0,4,5,5,5,4,4,3,4,4,4
218, CARIBE,SIERRA NEVADA DE SANTA MARTA,ENERO,1,1,1,0,0,0,0,0,1,1,1,0,0,0,0,0,1,0,1,0,0,0,0,0,1,0,1,1,0,0,0,0,0,1,2,2,2,2,2,2,2,0,3,3,3,2,1,1,1,1,1,1
219, CARIBE,TAYRONA,ENERO,5,5,5,0,0,0,4,3,5,5,5,1,0,0,4,4,5,5,5,1,0,0,4,0,5,5,5,1,0,0,0,4,3,5,5,5,5,5,5,5,5,5,5,5,5,5,5,5,5,5,5,5
221, AMAZONIA,AMACAYACU,ABRIL,3,2,1,0,0,0,0,1,0,0,0,0,0,0,0,0,0,0,0,0,0,0,0,0,0,0,0,0,0,0,0,0,0,0,0,0,0,0,0,0,0,0,0,0,0,0,3,3,3,0,0,0
222, CARIBE,OLD PROVIDENCE,DICIEMBRE,3,1,1,0,1,1,1,2,3,1,2,0,1,2,1,2,2,3,2,0,1,1,1,1,0,0,0,0,0,0,0,0,0,0,0,0,0,0,0,0,0,0,0,0,0,0,3,3,3,3,3,0
224, ANDES OCCIDENTALES,GUACHAROS,OCTUBRE,1,0,1,1,0,0,0,0,1,1,0,0,0,0,0,0,1,1,0,0,0,0,1,1,0,0,0,0,0,0,0,0,0,0,0,0,0,0,0,0,0,0,0,0,0,0,1,1,1,1,2,0
225, PACIFICO,UTRIA,AGOSTO,2,1,1,1,0,0,0,0,2,1,1,0,0,0,0,0,2,1,2,0,0,0,1,0,2,2,1,0,0,0,0,1,0,0,0,0,0,0,0,0,0,0,0,0,0,0,0,0,2,2,3,0
230, CARIBE,SLA DE SALAMANCA,JUNIO,0,0,0,0,0,0,0,0,1,1,1,1,0,0,1,1,1,1,1,0,1,1,1,0,1,1,0,0,1,0,1,0,0,0,0,0,0,0,0,0,0,0,0,0,0,0,2,0,1,2,2,0
231, ANDES OCCIDENTALES,COROTA,MARZO,4,0,2,0,0,0,0,1,4,0,1,0,0,0,0,0,4,0,2,0,0,0,1,0,4,2,0,0,0,0,0,1,0,0,0,0,0,0,0,0,0,0,0,0,0,0,3,3,3,3,4,3
232, AMAZONIA,AMACAYACU,MARZO,3,1,2,0,0,0,0,1,2,1,1,1,0,0,0,1,0,0,0,0,0,0,0,0,0,0,0,0,0,0,0,0,0,0,0,0,0,0,0,0,0,0,0,0,0,0,3,3,3,3,0,0
234,  ORINOQUIA,TUPARRO,JUNIO,0,0,0,0,0,0,0,0,1,0,0,0,0,0,0,0,0,0,0,0,0,0,0,0,0,0,0,0,0,0,0,0,0,0,0,0,0,0,0,0,0,0,0,0,0,0,1,0,0,1,0,0
236, ANDES NORORIENTALES,TAMA,OCTUBRE,0,0,0,0,0,0,0,0,0,0,0,0,0,0,0,0,0,0,0,0,0,0,0,0,0,0,0,0,0,0,0,0,0,0,0,0,0,0,0,0,0,0,0,0,0,0,0,1,0,0,0,0
237, ANDES OCCIDENTALES,COROTA,AGOSTO,4,0,2,0,0,0,0,1,4,0,2,0,0,0,0,0,3,0,1,0,0,0,0,0,4,0,2,0,0,0,0,0,0,0,0,0,0,0,0,0,0,0,0,0,0,0,4,4,4,4,3,0
238, ANDES OCCIDENTALES,GALERAS,MAYO,1,0,0,0,0,0,0,0,0,0,0,0,0,0,0,0,0,0,0,0,0,0,0,0,1,0,0,0,0,0,0,0,0,0,0,0,0,0,0,0,0,0,0,0,0,0,1,0,1,0,0,0
239, CARIBE,TAYRONA,JULIO,5,4,4,1,0,0,4,3,5,5,4,1,0,0,4,3,5,4,5,0,0,0,4,1,5,4,5,2,0,0,3,3,0,0,0,0,0,0,0,0,0,0,0,0,0,0,5,5,5,5,5,0
241, CARIBE,CORALES DEL ROSARIO,JUNIO,5,1,1,0,0,0,0,0,5,0,0,0,0,0,0,0,5,0,0,0,0,0,0,0,5,0,0,0,0,0,0,0,0,0,0,0,0,0,0,0,0,0,0,0,0,0,5,5,5,5,5,0
245,  ORINOQUIA,TUPARRO,ENERO,1,0,0,0,0,0,0,0,0,0,0,0,0,0,0,0,0,0,0,0,0,0,0,0,0,0,0,0,0,0,0,0,3,2,2,2,2,2,2,2,0,0,0,0,0,2,1,0,1,0,0,0
246, ANDES NORORIENTALES,COCUY,NOVIEMBRE,1,1,1,1,0,1,0,1,2,2,1,1,0,1,0,0,2,2,2,1,0,1,0,2,0,0,0,0,0,0,0,0,0,0,0,0,0,0,0,0,0,0,0,0,0,0,2,2,2,2,3,0
248, ANDES OCCIDENTALES,PURACE,MAYO,2,1,1,1,1,1,0,0,1,0,1,0,0,0,0,0,1,2,1,1,1,1,1,1,0,0,0,0,0,0,0,0,0,0,0,0,0,0,0,0,0,0,0,0,0,0,2,2,2,2,2,0
250, ANDES NORORIENTALES,ESTORAQUES,SEPTIEMBRE,0,0,0,0,0,0,0,0,0,0,0,0,0,0,0,0,0,0,0,0,0,0,0,0,0,0,0,0,0,0,0,0,0,0,0,0,0,0,0,0,0,0,0,0,0,0,2,0,0,0,0,0
251, ANDES OCCIDENTALES,OTUN QUIMBAYA,AGOSTO,2,1,1,0,0,0,0,2,1,1,1,0,0,0,1,1,1,0,1,0,0,0,1,2,1,1,1,0,0,0,1,2,0,0,0,0,0,0,0,0,0,0,0,0,0,0,0,2,2,2,2,0
252, PACIFICO,MALPELO,ENERO,1,0,1,0,0,0,0,0,0,0,0,0,0,0,0,1,0,0,0,0,0,0,0,0,0,0,0,0,0,0,0,0,0,0,0,2,2,3,2,2,2,3,3,3,3,3,1,1,1,1,0,0
255, ANDES NORORIENTALES,GUANENTA FONCE,FEBRERO,0,0,0,0,0,0,0,0,0,0,0,0,0,0,0,0,0,0,0,0,0,0,0,0,0,0,0,0,0,0,0,0,0,0,0,0,0,0,0,0,0,0,0,0,0,0,1,0,0,0,0,0
256, CARIBE,SLA DE SALAMANCA,NOVIEMBRE,0,0,0,0,0,0,0,0,1,2,1,0,0,0,0,2,1,1,0,1,0,0,1,2,0,0,0,0,0,0,0,0,0,0,0,0,0,0,0,0,0,0,0,0,0,0,2,0,0,2,2,0
257, CARIBE,OLD PROVIDENCE,JUNIO,2,1,1,0,1,1,1,1,2,1,1,0,1,2,1,1,2,1,1,0,1,1,1,1,2,3,2,0,1,1,1,2,0,0,0,0,0,0,0,0,0,0,0,0,0,0,3,3,3,3,3,0
259, ANDES OCCIDENTALES,LOS NEVADOS,NOVIEMBRE,4,3,2,1,0,0,0,1,0,0,0,0,0,0,0,0,3,3,1,0,0,0,0,2,0,0,0,0,0,0,0,0,0,0,0,0,0,0,0,0,0,0,0,0,0,0,4,3,4,0,3,0
260, PACIFICO,MALPELO,MARZO,1,0,1,0,0,0,0,0,0,0,1,0,0,0,0,1,1,0,1,0,0,0,0,0,1,0,1,0,0,0,0,0,0,0,0,0,0,0,0,0,0,0,0,0,0,0,2,1,2,1,1,1
262, CARIBE,FLAMENCOS,ABRIL,3,0,1,0,0,0,0,0,1,0,0,0,0,0,0,0,2,1,0,0,0,0,0,0,4,3,1,0,0,0,0,0,0,0,0,0,0,0,0,0,0,0,0,0,0,0,2,1,3,1,2,4
264, ANDES NORORIENTALES,IGUAQUE,ENERO,2,2,1,0,0,0,0,1,2,2,1,1,1,1,1,1,2,2,1,1,0,0,0,2,3,2,1,1,0,1,1,1,4,4,4,4,4,4,4,4,4,4,4,4,4,4,3,3,3,3,3,3
270, PACIFICO,GORGONA,MARZO,2,2,1,1,0,0,0,1,1,1,1,0,0,1,0,0,2,1,1,0,0,0,0,1,1,1,1,0,0,1,0,1,0,0,0,0,0,0,0,0,0,0,0,0,0,0,2,2,2,2,2,2
271, PACIFICO,GORGONA,MAYO,2,2,1,0,0,1,0,0,1,1,1,0,0,1,0,1,1,2,1,0,0,0,0,2,1,1,1,1,0,1,0,0,0,0,0,0,0,0,0,0,0,0,0,0,0,0,2,2,2,2,2,0
272, CARIBE,CORALES DEL ROSARIO,OCTUBRE,5,0,0,0,0,0,0,0,5,0,0,0,0,0,0,0,5,0,0,0,0,0,0,0,0,0,0,0,0,0,0,0,0,0,0,0,0,0,0,0,0,0,0,0,0,0,5,5,5,5,5,0
274, ANDES OCCIDENTALES,GALERAS,AGOSTO,1,0,0,0,0,0,0,0,1,0,0,0,0,0,0,0,1,0,0,0,0,0,0,0,1,0,0,0,0,0,0,0,0,0,0,0,0,0,0,0,0,0,0,0,0,0,1,0,1,1,1,0
275, PACIFICO,MALPELO,JUNIO,1,0,1,0,0,0,0,0,0,0,1,0,0,0,0,1,0,0,1,0,0,0,0,0,1,0,1,0,0,0,0,0,0,0,0,0,0,0,0,0,0,0,0,0,0,0,1,2,2,1,1,0
276, PACIFICO,GORGONA,FEBRERO,1,0,1,0,0,0,0,0,1,0,1,0,0,1,0,0,1,0,1,0,0,0,1,0,1,1,1,0,0,0,0,1,0,0,0,0,0,0,0,0,0,0,0,0,0,0,2,2,2,2,2,2
277, ANDES NORORIENTALES,IGUAQUE,NOVIEMBRE,1,2,1,1,0,0,0,0,2,2,1,0,0,0,0,0,2,2,1,0,0,1,1,1,0,0,0,0,0,0,0,0,0,0,0,0,0,0,0,0,0,0,0,0,0,0,3,3,2,3,3,0
278, CARIBE,MACUIRA,DICIEMBRE,1,0,0,0,0,0,0,0,1,0,1,0,0,0,0,0,1,0,1,0,0,0,0,0,0,0,0,0,0,0,0,0,0,0,0,0,0,0,0,0,0,0,0,0,0,0,0,2,1,2,2,0
282,  ORINOQUIA,SUMAPAZ,OCTUBRE,0,0,0,0,0,0,0,0,0,0,0,0,0,0,0,0,0,0,0,0,0,0,0,0,0,0,0,0,0,0,0,0,0,0,0,0,0,0,0,0,0,0,0,0,0,0,0,0,0,0,0,0
283, ANDES NORORIENTALES,PISBA,AGOSTO,0,0,0,0,0,0,1,0,0,0,0,0,0,0,0,0,0,0,0,0,0,0,0,0,0,0,0,0,0,0,0,0,0,0,0,0,0,0,0,0,0,0,0,0,0,0,0,0,1,0,0,0
284, PACIFICO,UTRIA,MARZO,1,1,1,0,0,0,0,0,1,1,1,0,0,1,0,1,2,1,1,0,1,1,0,1,1,1,1,0,0,0,0,0,0,0,0,0,0,0,0,0,0,0,0,0,0,0,2,2,2,2,2,2
287, ANDES NORORIENTALES,PISBA,MARZO,0,0,0,0,0,0,0,0,0,0,0,0,0,0,0,0,0,0,0,0,0,0,0,0,0,0,0,0,0,0,0,0,0,0,0,0,0,0,0,0,0,0,0,0,0,0,0,0,0,0,0,0
291, ANDES OCCIDENTALES,LOS NEVADOS,SEPTIEMBRE,4,3,2,1,0,0,0,2,0,0,0,0,0,0,0,0,2,2,1,0,0,0,0,1,0,0,0,0,0,0,0,0,0,0,0,0,0,0,0,0,0,0,0,0,0,0,4,4,4,0,3,0
296, ANDES OCCIDENTALES,OTUN QUIMBAYA,JULIO,1,1,1,0,0,0,0,1,1,2,1,0,0,0,1,1,1,1,1,0,0,0,0,2,1,1,1,0,2,2,0,0,0,0,0,0,0,0,0,0,0,0,0,0,0,0,0,2,2,2,2,0
301, CARIBE,SLA DE SALAMANCA,JULIO,1,0,1,0,0,0,0,0,2,2,1,0,0,0,1,1,1,1,1,0,0,1,0,0,1,0,1,1,0,0,1,0,0,0,0,0,0,0,0,0,0,0,0,0,0,0,2,0,1,2,2,0
304, PACIFICO,GORGONA,DICIEMBRE,1,2,1,0,0,0,0,1,2,1,1,1,0,1,0,0,1,1,1,0,0,1,0,1,0,0,0,0,0,0,0,0,0,0,0,0,0,0,0,0,0,0,0,0,0,0,2,2,2,2,2,0
307, ANDES OCCIDENTALES,PURACE,ABRIL,2,1,1,1,1,1,0,0,2,0,1,1,0,0,0,0,1,1,1,1,1,1,1,1,0,0,0,0,0,0,0,0,0,0,0,0,0,0,0,0,0,0,0,0,0,0,2,2,2,2,2,0
309, ANDES NORORIENTALES,COCUY,JULIO,2,2,1,1,0,1,1,0,2,2,1,1,0,1,0,0,2,2,1,1,0,1,0,0,2,2,1,1,0,2,0,0,0,0,0,0,0,0,0,0,0,0,0,0,0,0,2,2,2,3,3,0
310, CARIBE,SLA DE SALAMANCA,MAYO,0,1,0,0,0,0,2,0,1,2,0,0,0,0,0,2,1,1,1,1,0,0,0,2,1,0,1,0,1,0,1,2,0,0,0,0,0,0,0,0,0,0,0,0,0,0,2,1,2,2,2,0
314, CARIBE,SIERRA NEVADA DE SANTA MARTA,DICIEMBRE,0,0,0,0,0,0,0,0,0,0,0,0,0,0,0,0,0,0,0,0,0,0,0,0,0,0,0,0,0,0,0,0,0,0,0,0,0,0,0,0,0,0,0,0,0,0,1,1,0,0,0,0
319, CARIBE,OLD PROVIDENCE,MARZO,2,1,2,0,1,1,1,1,2,1,2,0,1,1,1,2,2,1,2,0,0,0,0,0,3,1,2,0,1,2,1,2,0,0,0,0,0,0,0,0,0,0,0,0,0,0,3,3,3,3,3,3
322, AMAZONIA,AMACAYACU,SEPTIEMBRE,3,1,1,1,0,0,0,1,0,0,0,0,0,0,0,0,0,0,0,0,0,0,0,0,0,0,0,0,0,0,0,0,0,0,0,0,0,0,0,0,0,0,0,0,0,0,3,3,3,0,0,0
327, AMAZONIA,AMACAYACU,OCTUBRE,3,2,1,1,0,0,0,1,0,0,0,0,0,0,0,0,0,0,0,0,0,0,0,0,0,0,0,0,0,0,0,0,0,0,0,0,0,0,0,0,0,0,0,0,0,0,3,3,3,0,0,0
328, CARIBE,OLD PROVIDENCE,NOVIEMBRE,2,1,1,0,1,1,1,1,2,1,1,0,0,1,1,2,1,2,1,0,1,1,1,1,0,0,0,0,0,0,0,0,0,0,0,0,0,0,0,0,0,0,0,0,0,0,3,2,3,3,3,0
329, CARIBE,SLA DE SALAMANCA,ABRIL,1,1,1,0,0,0,0,0,2,1,0,0,0,0,0,1,1,1,0,0,0,0,0,1,1,1,1,1,0,0,1,2,0,0,0,0,0,0,0,0,0,0,0,0,0,0,2,0,2,2,2,2
330, CARIBE,SIERRA NEVADA DE SANTA MARTA,FEBRERO,1,0,1,0,0,0,0,0,0,1,0,0,0,0,0,0,1,0,0,0,0,0,0,0,1,0,1,0,0,0,0,0,0,0,0,0,0,0,0,0,0,0,0,0,0,0,1,1,1,1,2,1
331, CARIBE,FLAMENCOS,ENERO,2,0,1,0,0,0,0,0,1,1,1,0,0,0,0,0,3,1,0,0,0,0,0,0,2,2,1,0,0,0,0,0,2,0,4,1,4,4,4,4,3,0,4,4,4,4,2,2,2,1,3,3
333, ANDES NORORIENTALES,ESTORAQUES,OCTUBRE,0,0,0,0,0,0,0,0,0,0,0,0,0,0,0,0,0,0,0,0,0,0,0,0,0,0,0,0,0,0,0,0,0,0,0,0,0,0,0,0,0,0,0,0,0,0,2,0,0,0,0,0
335,  ORINOQUIA,SUMAPAZ,AGOSTO,0,0,0,0,0,0,0,0,0,0,0,0,0,0,0,0,0,0,0,0,0,0,0,0,0,0,0,0,0,0,0,0,0,0,0,0,0,0,0,0,0,0,0,0,0,0,0,0,0,0,0,0
336, ANDES OCCIDENTALES,LOS NEVADOS,AGOSTO,4,4,2,1,0,0,0,2,0,0,0,0,0,0,0,0,3,2,2,0,0,0,0,1,4,4,2,0,0,0,1,2,0,0,0,0,0,0,0,0,0,0,0,0,0,0,4,4,4,0,3,0
337, ANDES NORORIENTALES,TAMA,JUNIO,0,0,0,0,0,0,0,0,0,0,0,0,0,0,0,0,0,0,0,0,0,0,0,0,0,0,0,0,0,0,0,0,0,0,0,0,0,0,0,0,0,0,0,0,0,0,0,0,0,0,0,0
339, ANDES NORORIENTALES,IGUAQUE,DICIEMBRE,2,2,1,1,0,0,0,0,2,2,1,1,0,1,0,1,2,2,1,0,1,1,0,1,0,0,0,0,0,0,0,0,0,0,0,0,0,0,0,0,0,0,0,0,0,0,2,2,2,3,3,0
341, CARIBE,OLD PROVIDENCE,AGOSTO,1,2,2,0,1,1,1,2,3,1,2,0,1,1,1,2,3,1,2,0,1,1,1,2,3,1,2,0,2,2,1,1,0,0,0,0,0,0,0,0,0,0,0,0,0,0,3,3,3,3,3,0
342,  ORINOQUIA,SUMAPAZ,SEPTIEMBRE,0,0,0,0,0,0,2,0,0,0,0,0,0,0,0,0,0,0,0,0,0,0,0,0,0,0,0,0,0,0,0,0,0,0,0,0,0,0,0,0,0,0,0,0,0,0,0,0,2,0,0,0
343, CARIBE,MACUIRA,MARZO,1,0,1,0,0,0,0,0,1,0,1,0,0,0,0,0,2,0,1,0,0,0,0,0,1,0,1,0,0,0,0,0,0,0,0,0,0,0,0,0,0,0,0,0,0,0,0,0,1,1,2,1
346, CARIBE,COLORADOS,ABRIL,1,0,0,0,0,0,0,0,1,1,0,0,0,0,0,0,1,0,0,0,0,0,0,0,1,0,0,0,0,0,0,0,0,0,0,0,0,0,0,0,0,0,0,0,0,0,1,0,1,1,1,1
347, CARIBE,CORALES DEL ROSARIO,ENERO,5,1,1,0,0,0,0,0,5,0,0,0,0,0,0,0,5,0,0,0,0,0,0,0,5,0,0,0,0,0,0,0,5,5,5,5,5,5,5,5,5,5,5,5,5,5,5,5,5,5,5,5
349, ANDES OCCIDENTALES,COROTA,DICIEMBRE,4,0,2,0,0,0,0,0,4,0,1,0,0,0,0,0,4,0,2,0,0,0,0,1,0,0,0,0,0,0,0,0,0,0,0,0,0,0,0,0,0,0,0,0,0,0,4,3,3,4,4,0
352, ANDES OCCIDENTALES,PURACE,JULIO,1,1,1,1,1,1,0,0,2,0,1,1,0,1,0,1,1,2,1,1,1,1,1,0,0,0,0,0,0,0,0,0,0,0,0,0,0,0,0,0,0,0,0,0,0,0,2,2,2,3,2,0
354, CARIBE,OLD PROVIDENCE,SEPTIEMBRE,2,1,1,0,1,1,1,2,2,1,2,0,1,1,1,1,1,2,1,0,1,1,1,2,0,0,0,0,0,0,0,0,0,0,0,0,0,0,0,0,0,0,0,0,0,0,3,3,3,3,3,0
357, CARIBE,SLA DE SALAMANCA,OCTUBRE,1,0,1,0,0,0,0,2,1,1,1,0,0,0,1,1,1,1,0,0,0,0,0,1,0,0,0,0,0,0,0,0,0,0,0,0,0,0,0,0,0,0,0,0,0,0,2,0,2,2,2,0
358, ANDES NORORIENTALES,PISBA,NOVIEMBRE,0,0,0,0,0,0,0,0,0,0,0,0,0,0,0,0,0,0,0,0,0,0,0,0,0,0,0,0,0,0,0,0,0,0,0,0,0,0,0,0,0,0,0,0,0,0,0,0,0,0,0,0
362, ANDES OCCIDENTALES,GUACHAROS,SEPTIEMBRE,1,0,0,0,0,0,0,0,1,1,0,0,0,0,0,0,1,1,0,0,0,0,1,0,0,0,0,0,0,0,0,0,0,0,0,0,0,0,0,0,0,0,0,0,0,0,1,2,2,1,1,0
368, ANDES OCCIDENTALES,GUACHAROS,MARZO,1,1,0,0,0,0,1,0,1,1,0,0,0,0,0,1,1,1,0,0,1,1,1,0,1,1,0,0,0,0,1,1,0,0,0,0,0,0,0,0,0,0,0,0,0,0,1,1,2,2,2,2
369, PACIFICO,UTRIA,JULIO,2,1,1,1,0,0,0,1,2,1,1,0,0,0,0,1,2,1,1,0,0,1,0,1,2,2,1,0,1,0,0,1,0,0,0,0,0,0,0,0,0,0,0,0,0,0,0,0,2,2,2,0
371, CARIBE,TAYRONA,SEPTIEMBRE,5,4,4,1,0,0,3,2,5,4,4,1,0,0,2,2,5,4,4,1,2,2,1,1,0,0,0,0,0,0,0,0,0,0,0,0,0,0,0,0,0,0,0,0,0,0,4,4,4,4,4,0
373, ANDES OCCIDENTALES,GALERAS,SEPTIEMBRE,1,0,0,0,0,0,0,0,0,0,0,0,0,0,0,0,1,0,0,0,0,0,0,0,0,0,0,0,0,0,0,0,0,0,0,0,0,0,0,0,0,0,0,0,0,0,1,1,1,0,1,0
374,  ORINOQUIA,SUMAPAZ,FEBRERO,1,0,0,0,0,0,0,0,1,1,0,0,0,0,0,0,0,0,0,0,0,0,0,0,0,0,0,0,0,0,0,0,0,0,0,0,0,0,0,0,0,0,0,0,0,0,0,0,1,1,0,0
377, ANDES NORORIENTALES,IGUAQUE,MARZO,1,2,1,1,0,0,0,0,2,2,1,1,0,1,0,1,2,2,1,1,0,0,1,1,2,2,1,0,0,1,0,1,0,0,0,0,0,0,0,0,0,0,0,0,0,0,2,2,2,2,3,3
378, ANDES NORORIENTALES,COCUY,OCTUBRE,2,2,1,1,0,1,0,1,1,2,1,1,0,1,0,0,2,2,1,1,0,1,0,1,0,0,0,0,0,0,0,0,0,0,0,0,0,0,0,0,0,0,0,0,0,0,2,2,2,2,3,0
381, ANDES NORORIENTALES,GUANENTA FONCE,MARZO,0,0,0,0,0,0,0,0,0,0,0,0,0,0,0,0,0,0,0,0,0,0,0,0,0,0,0,0,0,0,0,0,0,0,0,0,0,0,0,0,0,0,0,0,0,0,2,0,0,0,0,0
383,  ORINOQUIA,TUPARRO,JULIO,0,0,0,0,0,0,0,0,1,1,0,0,0,0,0,0,0,0,0,0,0,0,0,0,0,0,0,0,0,0,0,0,0,0,0,0,0,0,0,0,0,0,0,0,0,0,1,0,0,1,0,0
384, ANDES OCCIDENTALES,OTUN QUIMBAYA,ABRIL,1,0,1,0,0,0,0,1,1,2,1,0,0,0,0,1,1,1,1,0,0,0,0,1,2,2,1,0,0,0,1,1,0,0,0,0,0,0,0,0,0,0,0,0,0,0,1,2,2,2,2,2
385, ANDES OCCIDENTALES,COROTA,JULIO,4,0,2,0,0,0,1,0,4,0,1,0,0,0,0,0,4,0,1,0,0,0,0,0,4,0,2,0,0,0,0,0,0,0,0,0,0,0,0,0,0,0,0,0,0,0,3,4,4,4,4,0
388, CARIBE,SIERRA NEVADA DE SANTA MARTA,AGOSTO,1,0,1,0,0,0,0,0,0,0,0,0,0,0,0,0,1,0,0,0,0,0,0,0,0,0,0,0,0,0,0,0,0,0,0,0,0,0,0,0,0,0,0,0,0,0,1,1,1,0,1,0
394, CARIBE,CORALES DEL ROSARIO,DICIEMBRE,5,0,0,0,0,0,0,0,5,0,0,0,0,0,0,0,5,0,0,0,0,0,0,0,0,0,0,0,0,0,0,0,0,0,0,0,0,0,0,0,0,0,0,0,0,0,5,5,5,5,5,0
401, PACIFICO,GORGONA,AGOSTO,2,1,1,0,0,1,0,1,2,1,1,1,0,1,0,1,2,1,1,1,0,0,2,0,2,1,1,1,0,1,1,1,0,0,0,0,0,0,0,0,0,0,0,0,0,0,3,3,2,2,3,0
403,  ORINOQUIA,CHINGAZA,ENERO,3,0,0,0,0,0,0,0,3,2,1,1,1,2,1,2,3,2,1,1,1,2,1,1,3,2,1,1,1,2,1,1,2,4,4,4,3,3,3,3,3,4,4,4,4,4,3,2,3,3,3,3
408, ANDES OCCIDENTALES,COROTA,NOVIEMBRE,4,0,2,0,0,0,1,0,4,0,2,0,0,0,0,0,4,0,2,0,0,0,0,0,0,0,0,0,0,0,0,0,0,0,0,0,0,0,0,0,0,0,0,0,0,0,3,3,4,4,4,0
414, PACIFICO,GORGONA,SEPTIEMBRE,2,2,1,0,0,1,1,0,2,1,1,0,0,1,0,0,2,2,1,0,0,1,0,0,0,0,0,0,0,0,0,0,0,0,0,0,0,0,0,0,0,0,0,0,0,0,3,3,3,2,2,0
417,  ORINOQUIA,SUMAPAZ,MAYO,0,0,0,0,0,0,0,0,0,0,0,0,0,0,0,0,0,0,0,0,0,0,0,0,0,0,0,0,0,0,0,0,0,0,0,0,0,0,0,0,0,0,0,0,0,0,0,0,0,0,0,0
427,  ORINOQUIA,CHINGAZA,NOVIEMBRE,3,2,1,1,0,1,1,2,2,2,1,1,0,0,2,1,2,2,1,1,1,2,1,2,0,0,0,0,0,0,0,0,0,0,0,0,0,0,0,0,0,0,0,0,0,0,3,3,3,3,3,0
428, ANDES NORORIENTALES,COCUY,FEBRERO,1,1,1,0,0,0,0,1,2,2,1,1,0,1,0,0,1,1,2,1,0,2,0,0,2,2,2,1,0,2,0,1,0,0,0,0,0,0,0,0,0,0,0,0,0,0,2,2,2,2,2,3
429, ANDES NORORIENTALES,PISBA,FEBRERO,0,0,0,0,0,0,0,0,0,0,0,0,0,0,0,0,0,0,0,0,0,0,0,0,0,0,0,0,0,0,0,0,0,0,0,0,0,0,0,0,0,0,0,0,0,0,0,0,0,0,0,0
431, CARIBE,OLD PROVIDENCE,OCTUBRE,2,1,1,0,1,1,1,2,2,1,1,0,1,1,1,1,2,1,1,0,1,1,1,1,0,0,0,0,0,0,0,0,0,0,0,0,0,0,0,0,0,0,0,0,0,0,3,3,2,3,3,0
432, CARIBE,SLA DE SALAMANCA,ENERO,0,0,1,0,0,0,0,0,2,1,1,1,0,0,0,1,1,1,1,1,0,0,0,1,2,2,1,1,0,0,0,1,2,4,4,4,5,5,4,4,4,4,4,4,3,3,1,0,1,2,2,2
436, AMAZONIA,AMACAYACU,FEBRERO,2,2,2,0,0,0,0,1,2,1,1,1,0,0,0,1,0,0,0,0,0,0,0,0,0,0,0,0,0,0,0,0,0,0,0,0,0,0,0,0,0,0,0,0,0,0,3,3,3,3,0,0
441, ANDES OCCIDENTALES,OTUN QUIMBAYA,MARZO,2,0,1,0,0,0,0,2,1,1,1,0,0,0,1,1,2,1,1,0,0,0,0,0,2,1,1,0,0,0,1,1,0,0,0,0,0,0,0,0,0,0,0,0,0,0,2,2,2,2,2,2
444, CARIBE,OLD PROVIDENCE,ENERO,1,3,2,0,1,2,1,2,1,2,2,0,1,1,1,2,3,1,2,0,1,2,1,2,1,0,3,0,1,4,2,1,0,0,5,0,0,5,4,4,4,4,4,4,4,4,3,3,3,3,3,4
447, ANDES NORORIENTALES,PISBA,JULIO,0,0,0,0,0,0,0,0,0,0,0,0,0,0,0,0,0,0,0,0,0,0,0,0,0,0,0,0,0,0,0,0,0,0,0,0,0,0,0,0,0,0,0,0,0,0,2,0,0,0,0,0
449, CARIBE,FLAMENCOS,MARZO,2,0,1,0,0,0,0,0,1,1,0,0,0,0,0,0,3,2,0,0,0,0,0,0,2,1,1,0,0,0,0,0,0,0,0,0,0,0,0,0,0,0,0,0,0,0,2,1,2,1,3,2
450, ANDES OCCIDENTALES,COROTA,SEPTIEMBRE,4,0,1,0,0,0,0,0,4,0,1,0,0,0,0,0,4,0,2,0,0,0,0,0,0,0,0,0,0,0,0,0,0,0,0,0,0,0,0,0,0,0,0,0,0,0,3,3,3,3,3,0
457, CARIBE,TAYRONA,NOVIEMBRE,5,4,4,1,0,0,3,2,5,4,4,1,0,0,3,2,5,4,4,0,0,1,0,4,0,0,0,0,0,0,0,0,0,0,0,0,0,0,0,0,0,0,0,0,0,0,4,4,5,5,5,0
463, AMAZONIA,AMACAYACU,JULIO,3,2,2,1,0,0,0,1,0,0,0,0,0,0,0,0,0,0,0,0,0,0,0,0,0,0,0,0,0,0,0,0,0,0,0,0,0,0,0,0,0,0,0,0,0,0,3,3,3,0,0,0
466, ANDES OCCIDENTALES,OTUN QUIMBAYA,OCTUBRE,1,0,1,0,0,0,0,1,1,2,1,0,1,1,0,0,2,0,1,0,0,0,1,1,0,0,0,0,0,0,0,0,0,0,0,0,0,0,0,0,0,0,0,0,0,0,0,2,2,2,2,0
467, ANDES NORORIENTALES,PISBA,ABRIL,0,0,0,0,0,0,0,0,0,0,0,0,0,0,0,0,0,0,0,0,0,0,0,0,0,0,0,0,0,0,0,0,0,0,0,0,0,0,0,0,0,0,0,0,0,0,0,0,0,0,0,0
470, AMAZONIA,AMACAYACU,MAYO,2,2,1,0,0,0,0,1,0,0,0,0,0,0,0,0,0,0,0,0,0,0,0,0,0,0,0,0,0,0,0,0,0,0,0,0,0,0,0,0,0,0,0,0,0,0,3,3,3,0,0,0
471, ANDES NORORIENTALES,GUANENTA FONCE,ABRIL,0,0,0,0,0,0,0,0,0,0,0,0,0,0,0,0,0,0,0,0,0,0,1,1,0,0,0,0,0,0,0,0,0,0,0,0,0,0,0,0,0,0,0,0,0,0,0,0,0,0,1,0
476, CARIBE,FLAMENCOS,JUNIO,2,0,1,0,0,0,0,0,2,1,0,0,0,0,0,0,3,2,1,0,0,0,0,0,3,1,1,0,0,0,0,0,0,0,0,0,0,0,0,0,0,0,0,0,0,0,2,1,3,2,3,0
477, PACIFICO,UTRIA,DICIEMBRE,1,1,0,1,0,1,0,0,1,1,1,0,0,0,0,1,2,1,1,0,0,0,0,1,0,0,0,0,0,0,0,0,0,0,0,0,0,0,0,0,0,0,0,0,0,0,0,0,2,2,2,0
480,  ORINOQUIA,CHINGAZA,JULIO,2,2,1,1,0,0,0,1,2,2,1,1,0,0,1,1,3,2,1,1,0,1,1,1,2,2,1,1,0,1,1,2,0,0,0,0,0,0,0,0,0,0,0,0,0,0,3,3,2,3,3,0
481, PACIFICO,GORGONA,ABRIL,2,1,0,0,0,0,0,2,1,1,1,0,0,2,0,1,1,1,1,0,0,0,0,1,2,1,1,0,1,1,1,1,0,0,0,0,0,0,0,0,0,0,0,0,0,0,2,3,2,2,2,2
487, ANDES OCCIDENTALES,LOS NEVADOS,FEBRERO,3,3,2,1,0,0,0,1,4,3,2,1,0,0,1,0,1,1,1,1,0,0,0,0,3,2,1,0,0,0,1,1,0,0,0,0,0,0,0,0,0,0,0,0,0,0,3,3,3,4,1,3
488, ANDES NORORIENTALES,TAMA,MARZO,0,0,0,0,0,0,0,0,0,0,0,0,0,0,0,0,0,0,0,0,0,0,0,0,0,0,0,0,0,0,0,0,0,0,0,0,0,0,0,0,0,0,0,0,0,0,0,0,0,0,0,0
493, ANDES NORORIENTALES,GUANENTA FONCE,JUNIO,0,0,0,0,0,0,0,0,0,0,0,0,0,0,0,0,0,0,0,0,0,0,0,0,0,0,0,0,0,0,0,0,0,0,0,0,0,0,0,0,0,0,0,0,0,0,0,0,0,0,0,0
498,  ORINOQUIA,CHINGAZA,ABRIL,2,1,1,1,0,0,1,2,3,2,1,1,1,1,1,1,2,3,1,1,1,1,1,2,2,2,1,1,1,2,1,1,0,0,0,0,0,0,0,0,0,0,0,0,0,0,3,3,3,3,3,3
499, ANDES OCCIDENTALES,GALERAS,JUNIO,1,0,0,0,0,0,0,0,1,0,0,0,0,0,0,0,1,0,0,0,0,0,0,0,1,0,0,0,0,0,0,0,0,0,0,0,0,0,0,0,0,0,0,0,0,0,0,1,1,1,1,0
500, ANDES NORORIENTALES,GUANENTA FONCE,DICIEMBRE,0,0,0,0,0,0,0,0,0,0,0,0,0,0,0,0,0,0,0,0,0,0,0,0,0,0,0,0,0,0,0,0,0,0,0,0,0,0,0,0,0,0,0,0,0,0,2,2,0,0,0,0
502, PACIFICO,UTRIA,JUNIO,1,1,1,0,0,0,0,0,1,1,1,0,0,1,1,1,1,1,1,0,0,0,0,1,1,1,1,0,0,1,0,1,0,0,0,0,0,0,0,0,0,0,0,0,0,0,2,2,2,2,2,0
504, CARIBE,TAYRONA,AGOSTO,5,4,4,1,0,0,3,2,5,4,5,1,0,0,3,3,5,4,5,1,0,0,4,0,5,4,5,0,0,2,3,3,0,0,0,0,0,0,0,0,0,0,0,0,0,0,5,5,5,5,5,0
510, CARIBE,FLAMENCOS,MAYO,3,0,1,0,0,0,0,0,1,1,0,0,0,0,0,0,2,2,1,0,0,0,0,0,1,1,1,0,0,0,0,0,0,0,0,0,0,0,0,0,0,0,0,0,0,0,1,1,3,2,3,0
517, ANDES OCCIDENTALES,GUACHAROS,FEBRERO,1,0,0,0,0,0,1,0,1,1,1,0,0,0,0,0,1,1,1,0,0,0,0,1,0,0,1,0,0,0,0,1,0,0,0,0,0,0,0,0,0,0,0,0,0,0,2,1,1,1,1,1
519, ANDES NORORIENTALES,ESTORAQUES,MARZO,0,0,0,0,0,0,0,0,0,0,0,0,0,0,0,0,0,0,0,0,0,0,0,0,0,0,0,0,0,0,0,0,0,0,0,0,0,0,0,0,0,0,0,0,0,0,2,2,0,0,0,0
523, AMAZONIA,AMACAYACU,JUNIO,3,2,2,1,0,0,0,1,0,0,0,0,0,0,0,0,0,0,0,0,0,0,0,0,0,0,0,0,0,0,0,0,0,0,0,0,0,0,0,0,0,0,0,0,0,0,3,3,3,0,0,0
525, CARIBE,CORALES DEL ROSARIO,MARZO,5,0,1,0,0,0,0,0,5,0,0,0,0,0,0,0,5,0,0,0,0,0,0,0,5,0,0,0,0,0,0,0,0,0,0,0,0,0,0,0,0,0,0,0,0,0,4,5,5,5,5,5
534, ANDES OCCIDENTALES,GUACHAROS,JULIO,1,1,0,0,0,0,0,0,1,1,0,0,0,0,0,0,1,1,0,0,0,0,1,0,1,1,0,0,0,0,0,1,0,0,0,0,0,0,0,0,0,0,0,0,0,0,1,2,1,1,1,0
549, ANDES NORORIENTALES,GUANENTA FONCE,MAYO,0,0,0,0,0,0,0,0,0,0,0,0,0,0,0,0,0,0,0,0,0,0,0,0,0,0,0,0,0,0,0,0,0,0,0,0,0,0,0,0,0,0,0,0,0,0,0,0,0,0,0,0
550, CARIBE,CORALES DEL ROSARIO,ABRIL,5,0,1,0,0,0,0,0,5,0,0,0,0,0,0,0,5,0,0,0,0,0,0,0,0,0,0,5,0,0,0,0,0,0,0,0,0,0,0,0,0,0,0,0,0,0,5,5,5,5,5,5
551, CARIBE,FLAMENCOS,OCTUBRE,2,0,1,0,0,0,0,0,0,1,0,0,0,0,0,0,2,1,1,0,0,0,0,0,0,0,0,0,0,0,0,0,0,0,0,0,0,0,0,0,0,0,0,0,0,0,1,1,2,1,2,0
556, ANDES OCCIDENTALES,PURACE,AGOSTO,1,1,1,1,0,0,1,1,1,1,1,1,0,1,0,1,1,1,1,1,1,1,1,1,0,0,0,0,0,0,0,0,0,0,0,0,0,0,0,0,0,0,0,0,0,0,2,2,2,2,2,0
565, ANDES NORORIENTALES,TAMA,ENERO,0,0,0,0,0,0,0,0,0,0,0,0,0,0,0,0,0,0,0,0,0,0,0,0,0,0,0,0,0,0,0,0,3,2,3,2,2,2,1,0,0,0,0,0,0,0,0,0,0,0,0,0
579, CARIBE,SIERRA NEVADA DE SANTA MARTA,JULIO,1,0,1,0,0,0,0,0,1,1,0,0,0,0,0,0,0,0,0,0,0,0,0,0,0,0,0,0,0,0,0,0,0,0,0,0,0,0,0,0,0,0,0,0,0,0,1,1,1,1,0,0
582, ANDES OCCIDENTALES,PURACE,DICIEMBRE,1,0,1,1,1,1,0,0,2,0,1,1,0,1,1,1,0,0,0,0,0,0,0,0,0,0,0,0,0,0,0,0,0,0,0,0,0,0,0,0,0,0,0,0,0,0,2,2,2,2,0,0
583, PACIFICO,MALPELO,JULIO,1,0,0,1,0,0,0,0,1,0,1,0,0,0,0,1,1,0,1,0,0,0,0,0,1,0,1,0,0,0,0,0,0,0,0,0,0,0,0,0,0,0,0,0,0,0,2,2,2,2,1,0
596, CARIBE,SIERRA NEVADA DE SANTA MARTA,MARZO,1,0,1,0,0,0,0,0,1,1,1,0,0,0,0,0,1,1,0,0,0,0,0,0,0,0,0,0,0,0,0,0,0,0,0,0,0,0,0,0,0,0,0,0,0,0,1,1,1,1,1,0
598, ANDES NORORIENTALES,ESTORAQUES,DICIEMBRE,0,0,0,0,0,0,0,0,0,0,0,0,0,0,0,0,0,0,0,0,0,0,0,0,0,0,0,0,0,0,0,0,0,0,0,0,0,0,0,0,0,0,0,0,0,0,3,0,0,0,0,0
603, AMAZONIA,AMACAYACU,AGOSTO,3,2,2,1,0,0,0,1,0,0,0,0,0,0,0,0,0,0,0,0,0,0,0,0,0,0,0,0,0,0,0,0,0,0,0,0,0,0,0,0,0,0,0,0,0,0,3,3,3,0,0,0
604, ANDES OCCIDENTALES,GALERAS,DICIEMBRE,1,0,0,0,0,0,0,0,1,0,0,0,0,0,0,0,1,0,0,0,0,0,0,0,0,0,0,0,0,0,0,0,0,0,0,0,0,0,0,0,0,0,0,0,0,0,1,1,1,1,1,0
613, ANDES OCCIDENTALES,LOS NEVADOS,ABRIL,3,2,1,1,0,0,0,2,0,0,0,0,0,0,0,0,2,2,1,0,0,0,0,1,4,4,1,0,0,0,1,1,0,0,0,0,0,0,0,0,0,0,0,0,0,0,4,4,3,0,2,4
618, CARIBE,TAYRONA,DICIEMBRE,5,4,4,1,0,0,4,3,5,4,4,1,0,0,4,3,5,4,4,0,4,0,4,3,0,0,0,0,0,0,0,0,0,0,0,0,0,0,0,0,0,0,0,0,0,0,5,4,5,5,5,0
626, CARIBE,CORALES DEL ROSARIO,FEBRERO,5,0,1,0,0,0,0,0,5,0,0,0,0,0,0,0,5,0,0,0,0,0,0,0,5,0,0,0,0,0,0,0,0,0,0,0,0,0,0,0,0,0,0,0,0,0,5,5,5,5,5,5
633,  ORINOQUIA,TUPARRO,SEPTIEMBRE,0,0,0,0,0,0,0,0,0,0,0,0,0,0,0,0,0,0,0,0,0,0,0,0,0,0,0,0,0,0,0,0,0,0,0,0,0,0,0,0,0,0,0,0,0,0,1,0,0,0,0,0
638, ANDES NORORIENTALES,TAMA,JULIO,0,0,0,0,0,0,0,0,0,0,0,0,0,0,0,0,0,0,0,0,0,0,0,0,0,0,0,0,0,0,0,0,0,0,0,0,0,0,0,0,0,0,0,0,0,0,0,0,0,0,0,0
653, ANDES OCCIDENTALES,PURACE,MARZO,2,1,1,1,1,1,1,1,1,0,1,1,0,0,0,0,2,2,1,1,1,1,1,1,0,0,0,0,0,0,0,0,0,0,0,0,0,0,0,0,0,0,0,0,0,0,2,2,2,2,2,0
660, ANDES OCCIDENTALES,GUACHAROS,ENERO,1,1,0,0,0,0,1,1,1,1,0,0,1,0,0,0,1,1,1,0,1,1,1,0,1,1,1,0,0,0,1,1,3,3,2,1,3,2,2,2,2,2,2,2,2,3,1,2,2,2,2,2
665, PACIFICO,MALPELO,ABRIL,1,0,1,0,0,0,0,0,1,0,1,0,0,0,0,1,0,0,1,0,0,0,0,0,0,0,1,0,0,0,0,0,0,0,0,0,0,0,0,0,0,0,0,0,0,0,1,1,2,1,1,1
700,  ORINOQUIA,TUPARRO,DICIEMBRE,1,0,0,0,0,0,0,0,1,0,0,0,0,0,0,0,0,0,0,0,0,0,0,0,0,0,0,0,0,0,0,0,0,0,0,0,0,0,0,0,0,0,0,0,0,0,1,1,1,1,0,0
705, PACIFICO,UTRIA,ABRIL,2,1,1,1,0,0,0,0,1,1,1,0,0,1,1,1,1,1,1,0,0,1,0,1,1,1,1,0,1,0,0,1,0,0,0,0,0,0,0,0,0,0,0,0,0,0,2,1,2,2,2,2
714, ANDES NORORIENTALES,TAMA,AGOSTO,0,0,0,0,0,0,0,0,0,0,0,0,0,0,0,0,0,0,0,0,0,0,0,0,0,0,0,0,0,0,0,0,0,0,0,0,0,0,0,0,0,0,0,0,0,0,0,0,0,0,0,0
716, ANDES OCCIDENTALES,GALERAS,FEBRERO,0,0,0,0,0,0,0,0,1,0,0,0,0,0,0,0,1,0,0,0,0,0,0,0,1,0,0,0,0,0,0,0,0,0,0,0,0,0,0,0,0,0,0,0,0,0,0,0,0,1,1,1
752,  ORINOQUIA,SUMAPAZ,NOVIEMBRE,0,0,0,0,0,0,0,0,0,0,0,0,0,0,0,0,0,0,0,0,0,0,0,0,0,0,0,0,0,0,0,0,0,0,0,0,0,0,0,0,0,0,0,0,0,0,0,1,0,0,0,0
775, ANDES NORORIENTALES,IGUAQUE,MAYO,1,1,1,1,0,0,0,0,2,2,1,1,0,1,1,1,1,2,1,0,0,0,0,0,1,2,1,0,1,1,0,1,0,0,0,0,0,0,0,0,0,0,0,0,0,0,3,2,2,3,2,0
805, CARIBE,COLORADOS,MARZO,1,0,0,0,0,0,0,0,0,0,1,0,0,0,0,0,1,1,0,0,0,0,0,0,0,0,0,0,0,0,0,1,0,0,0,0,0,0,0,0,0,0,0,0,0,0,1,1,1,1,2,2
806,  ORINOQUIA,CHINGAZA,AGOSTO,2,2,1,1,1,1,1,1,3,1,1,1,0,0,2,1,2,2,1,1,1,1,1,0,2,2,1,1,1,1,1,2,0,0,0,0,0,0,0,0,0,0,0,0,0,0,3,3,3,3,3,0
940, CARIBE,MACUIRA,JULIO,0,0,0,0,0,0,0,1,1,0,1,0,0,0,0,0,1,0,1,0,0,0,0,0,1,0,1,0,0,0,0,0,0,0,0,0,0,0,0,0,0,0,0,0,0,0,0,0,1,1,2,0
